,Year,Country,Trade_Flow,Trade_Value,GPRHI
6422,2021,Argentina,Exports,77934.0,0.01
6423,2021,Argentina,Imports,63184.0,0.01
6424,2021,Australia,Exports,344864.0,0.1
6425,2021,Australia,Imports,261165.0,0.1
6426,2021,Belgium,Exports,551478.0,0.13
6427,2021,Belgium,Imports,526615.0,0.13
6428,2021,Brazil,Exports,280815.0,0.05
6429,2021,Brazil,Imports,234690.0,0.05
6430,2021,Canada,Exports,509441.0,0.1
6431,2021,Canada,Imports,506476.0,0.1
6432,2021,Chile,Exports,94601.0,0.01
6433,2021,Chile,Imports,92393.0,0.01
6434,2021,China,Exports,3316022.0,0.56
6435,2021,China,Imports,2679412.0,0.56
6436,2021,Hong_Kong,Exports,669903.0,0.07
6437,2021,Hong_Kong,Imports,712358.0,0.07
6438,2021,Taiwan,Exports,447693.0,0.09
6439,2021,Taiwan,Imports,382101.0,0.09
6440,2021,Colombia,Exports,40287.0,0.03
6441,2021,Colombia,Imports,61101.0,0.03
6442,2021,Denmark,Exports,125945.0,0.03
6443,2021,Denmark,Imports,120307.0,0.03
6444,2021,Egypt,Exports,41310.0,0.11
6445,2021,Egypt,Imports,74550.0,0.11
6446,2021,Finland,Exports,81996.0,0.02
6447,2021,Finland,Imports,86013.0,0.02
6448,2021,France,Exports,585021.0,0.45
6449,2021,France,Imports,715082.0,0.45
6450,2021,Germany,Exports,1627375.0,0.35
6451,2021,Germany,Imports,1411439.0,0.35
6452,2021,Hungary,Exports,141830.0,0.03
6453,2021,Hungary,Imports,142917.0,0.03
6454,2021,India,Exports,395426.0,0.15
6455,2021,India,Imports,573092.0,0.15
6456,2021,Indonesia,Exports,231506.0,0.02
6457,2021,Indonesia,Imports,196190.0,0.02
6458,2021,Israel,Exports,60159.0,0.29
6459,2021,Israel,Imports,92155.0,0.29
6460,2021,Italy,Exports,615635.0,0.11
6461,2021,Italy,Imports,567421.0,0.11
6462,2021,Japan,Exports,756032.0,0.14
6463,2021,Japan,Imports,768976.0,0.14
6464,2021,Malaysia,Exports,299425.0,0.02
6465,2021,Malaysia,Imports,238240.0,0.02
6466,2021,Mexico,Exports,494949.0,0.09
6467,2021,Mexico,Imports,522455.0,0.09
6468,2021,Netherlands,Exports,840032.0,0.04
6469,2021,Netherlands,Imports,757380.0,0.04
6470,2021,Norway,Exports,160106.0,0.05
6471,2021,Norway,Imports,97764.0,0.05
6472,2021,Peru,Exports,59648.0,0.02
6473,2021,Peru,Imports,50891.0,0.02
6474,2021,Philippines,Exports,74618.0,0.03
6475,2021,Philippines,Imports,124367.0,0.03
6476,2021,Poland,Exports,340634.0,0.1
6477,2021,Poland,Imports,342075.0,0.1
6478,2021,Portugal,Exports,75229.0,0.01
6479,2021,Portugal,Imports,98200.0,0.01
6480,2021,South_Korea,Exports,644400.0,0.21
6481,2021,South_Korea,Imports,615093.0,0.21
6482,2021,Russia,Exports,494161.0,0.66
6483,2021,Russia,Imports,301046.0,0.66
6484,2021,Saudi_Arabia,Exports,276179.0,0.13
6485,2021,Saudi_Arabia,Imports,152849.0,0.13
6486,2021,South_Africa,Exports,123572.0,0.04
6487,2021,South_Africa,Imports,113989.0,0.04
6488,2021,Spain,Exports,379969.0,0.05
6489,2021,Spain,Imports,419700.0,0.05
6490,2021,Sweden,Exports,189524.0,0.05
6491,2021,Sweden,Imports,187108.0,0.05
6492,2021,Switzerland,Exports,380194.0,0.04
6493,2021,Switzerland,Imports,324069.0,0.04
6494,2021,Thailand,Exports,272006.0,0.04
6495,2021,Thailand,Imports,267343.0,0.04
6496,2021,Tunisia,Exports,16689.0,0.02
6497,2021,Tunisia,Imports,22486.0,0.02
6498,2021,Turkiye,Exports,225214.0,0.21
6499,2021,Turkiye,Imports,271426.0,0.21
6500,2021,Ukraine,Exports,68073.0,0.24
6501,2021,Ukraine,Imports,72843.0,0.24
6502,2021,United_Kingdom,Exports,472147.0,0.44
6503,2021,United_Kingdom,Imports,695115.0,0.44
6504,2021,United_States,Exports,1754300.0,2.11
6505,2021,United_States,Imports,2935314.0,2.11
6506,2021,Venezuela,Exports,3535.0,0.05
6507,2021,Venezuela,Imports,7695.0,0.05
6508,2021,Viet_Nam,Exports,335978.0,0.06
6509,2021,Viet_Nam,Imports,332455.0,0.06
6510,2022,Argentina,Exports,88703.0,0.04
6511,2022,Argentina,Imports,81740.0,0.04
6512,2022,Australia,Exports,412683.0,0.24
6513,2022,Australia,Imports,309189.0,0.24
6514,2022,Belgium,Exports,638282.0,0.41
6515,2022,Belgium,Imports,625041.0,0.41
6516,2022,Brazil,Exports,334136.0,0.11
6517,2022,Brazil,Imports,292245.0,0.11
6518,2022,Canada,Exports,601632.0,0.3
6519,2022,Canada,Imports,586133.0,0.3
6520,2022,Chile,Exports,98477.0,0.02
6521,2022,Chile,Imports,104691.0,0.02
6522,2022,China,Exports,3544435.0,1.12
6523,2022,China,Imports,2706507.0,1.12
6524,2022,Hong_Kong,Exports,609925.0,0.11
6525,2022,Hong_Kong,Imports,667554.0,0.11
6526,2022,Taiwan,Exports,477778.0,0.3
6527,2022,Taiwan,Imports,435835.0,0.3
6528,2022,Colombia,Exports,56999.0,0.04
6529,2022,Colombia,Imports,77413.0,0.04
6530,2022,Denmark,Exports,131702.0,0.07
6531,2022,Denmark,Imports,129201.0,0.07
6532,2022,Egypt,Exports,51280.0,0.16
6533,2022,Egypt,Imports,95670.0,0.16
6534,2022,Finland,Exports,86069.0,0.22
6535,2022,Finland,Imports,97329.0,0.22
6536,2022,France,Exports,620461.0,0.91
6537,2022,France,Imports,823216.0,0.91
6538,2022,Germany,Exports,1676473.0,1.06
6539,2022,Germany,Imports,1583619.0,1.06
6540,2022,Hungary,Exports,153580.0,0.17
6541,2022,Hungary,Imports,163974.0,0.17
6542,2022,India,Exports,453415.0,0.36
6543,2022,India,Imports,720441.0,0.36
6544,2022,Indonesia,Exports,291979.0,0.11
6545,2022,Indonesia,Imports,237447.0,0.11
6546,2022,Israel,Exports,72572.0,0.31
6547,2022,Israel,Imports,107754.0,0.31
6548,2022,Italy,Exports,658557.0,0.33
6549,2022,Italy,Imports,694305.0,0.33
6550,2022,Japan,Exports,746824.0,0.42
6551,2022,Japan,Imports,899941.0,0.42
6552,2022,Malaysia,Exports,352094.0,0.02
6553,2022,Malaysia,Imports,293797.0,0.02
6554,2022,Mexico,Exports,577697.0,0.11
6555,2022,Mexico,Imports,627544.0,0.11
6556,2022,Netherlands,Exports,963492.0,0.16
6557,2022,Netherlands,Imports,896716.0,0.16
6558,2022,Norway,Exports,250518.0,0.12
6559,2022,Norway,Imports,105733.0,0.12
6560,2022,Peru,Exports,62911.0,0.1
6561,2022,Peru,Imports,60979.0,0.1
6562,2022,Philippines,Exports,78930.0,0.04
6563,2022,Philippines,Imports,145867.0,0.04
6564,2022,Poland,Exports,360542.0,0.66
6565,2022,Poland,Imports,381187.0,0.66
6566,2022,Portugal,Exports,82463.0,0.02
6567,2022,Portugal,Imports,115160.0,0.02
6568,2022,South_Korea,Exports,683585.0,0.44
6569,2022,South_Korea,Imports,731370.0,0.44
6570,2022,Russia,Exports,592075.0,3.15
6571,2022,Russia,Imports,276511.0,3.15
6572,2022,Saudi_Arabia,Exports,411184.0,0.27
6573,2022,Saudi_Arabia,Imports,189877.0,0.27
6574,2022,South_Africa,Exports,122901.0,0.05
6575,2022,South_Africa,Imports,136207.0,0.05
6576,2022,Spain,Exports,415462.0,0.16
6577,2022,Spain,Imports,494259.0,0.16
6578,2022,Sweden,Exports,197736.0,0.22
6579,2022,Sweden,Imports,203086.0,0.22
6580,2022,Switzerland,Exports,400693.0,0.07
6581,2022,Switzerland,Imports,357115.0,0.07
6582,2022,Thailand,Exports,287425.0,0.03
6583,2022,Thailand,Imports,301030.0,0.03
6584,2022,Tunisia,Exports,18561.0,0.02
6585,2022,Tunisia,Imports,26656.0,0.02
6586,2022,Turkiye,Exports,254170.0,0.51
6587,2022,Turkiye,Imports,363711.0,0.51
6588,2022,Ukraine,Exports,44134.0,3.04
6589,2022,Ukraine,Imports,55294.0,3.04
6590,2022,United_Kingdom,Exports,546151.0,1.08
6591,2022,United_Kingdom,Imports,823592.0,1.08
6592,2022,United_States,Exports,2065157.0,4.04
6593,2022,United_States,Imports,3371752.0,4.04
6594,2022,Venezuela,Exports,4765.0,0.12
6595,2022,Venezuela,Imports,10130.0,0.12
6596,2022,Viet_Nam,Exports,371288.0,0.08
6597,2022,Viet_Nam,Imports,359148.0,0.08
6598,2023,Argentina,Exports,66988.0,0.03
6599,2023,Argentina,Imports,73826.0,0.03
6600,2023,Australia,Exports,371407.0,0.17
6601,2023,Australia,Imports,287406.0,0.17
6602,2023,Belgium,Exports,578515.0,0.19
6603,2023,Belgium,Imports,564974.0,0.19
6604,2023,Brazil,Exports,339696.0,0.11
6605,2023,Brazil,Imports,252710.0,0.11
6606,2023,Canada,Exports,570079.0,0.22
6607,2023,Canada,Imports,570873.0,0.22
6608,2023,Chile,Exports,92972.0,0.02
6609,2023,Chile,Imports,85250.0,0.02
6610,2023,China,Exports,3379044.0,0.99
6611,2023,China,Imports,2556941.0,0.99
6612,2023,Hong_Kong,Exports,573871.0,0.07
6613,2023,Hong_Kong,Imports,653696.0,0.07
6614,2023,Taiwan,Exports,432337.0,0.3
6615,2023,Taiwan,Imports,358960.0,0.3
6616,2023,Colombia,Exports,49545.0,0.04
6617,2023,Colombia,Imports,62797.0,0.04
6618,2023,Denmark,Exports,129140.0,0.07
6619,2023,Denmark,Imports,120336.0,0.07
6620,2023,Egypt,Exports,42081.0,0.46
6621,2023,Egypt,Imports,83210.0,0.46
6622,2023,Finland,Exports,82561.0,0.12
6623,2023,Finland,Imports,83102.0,0.12
6624,2023,France,Exports,651122.0,0.68
6625,2023,France,Imports,788177.0,0.68
6626,2023,Germany,Exports,1702278.0,0.65
6627,2023,Germany,Imports,1467598.0,0.65
6628,2023,Hungary,Exports,164359.0,0.12
6629,2023,Hungary,Imports,155650.0,0.12
6630,2023,India,Exports,431559.0,0.29
6631,2023,India,Imports,673929.0,0.29
6632,2023,Indonesia,Exports,258857.0,0.1
6633,2023,Indonesia,Imports,221886.0,0.1
6634,2023,Israel,Exports,63345.0,1.03
6635,2023,Israel,Imports,91889.0,1.03
6636,2023,Italy,Exports,676724.0,0.2
6637,2023,Italy,Imports,639879.0,0.2
6638,2023,Japan,Exports,717256.0,0.26
6639,2023,Japan,Imports,787199.0,0.26
6640,2023,Malaysia,Exports,312965.0,0.03
6641,2023,Malaysia,Imports,265667.0,0.03
6642,2023,Mexico,Exports,593001.0,0.11
6643,2023,Mexico,Imports,628457.0,0.11
6644,2023,Netherlands,Exports,935047.0,0.14
6645,2023,Netherlands,Imports,843567.0,0.14
6646,2023,Norway,Exports,178609.0,0.14
6647,2023,Norway,Imports,99529.0,0.14
6648,2023,Peru,Exports,64715.0,0.12
6649,2023,Peru,Imports,52395.0,0.12
6650,2023,Philippines,Exports,73527.0,0.09
6651,2023,Philippines,Imports,133806.0,0.09
6652,2023,Poland,Exports,381517.0,0.26
6653,2023,Poland,Imports,370076.0,0.26
6654,2023,Portugal,Exports,83621.0,0.03
6655,2023,Portugal,Imports,113683.0,0.03
6656,2023,South_Korea,Exports,632226.0,0.41
6657,2023,South_Korea,Imports,642572.0,0.41
6658,2023,Russia,Exports,424749.0,1.99
6659,2023,Russia,Imports,303086.0,1.99
6660,2023,Saudi_Arabia,Exports,320018.0,0.33
6661,2023,Saudi_Arabia,Imports,206940.0,0.33
6662,2023,South_Africa,Exports,110855.0,0.1
6663,2023,South_Africa,Imports,130745.0,0.1
6664,2023,Spain,Exports,422487.0,0.12
6665,2023,Spain,Imports,469877.0,0.12
6666,2023,Sweden,Exports,197469.0,0.16
6667,2023,Sweden,Imports,193138.0,0.16
6668,2023,Switzerland,Exports,419982.0,0.04
6669,2023,Switzerland,Imports,365614.0,0.04
6670,2023,Thailand,Exports,285074.0,0.04
6671,2023,Thailand,Imports,288509.0,0.04
6672,2023,Tunisia,Exports,19985.0,0.02
6673,2023,Tunisia,Imports,25485.0,0.02
6674,2023,Turkiye,Exports,255627.0,0.38
6675,2023,Turkiye,Imports,361967.0,0.38
6676,2023,Ukraine,Exports,37585.0,1.84
6677,2023,Ukraine,Imports,63765.0,1.84
6678,2023,United_Kingdom,Exports,525016.0,0.82
6679,2023,United_Kingdom,Imports,791544.0,0.82
6680,2023,United_States,Exports,2018059.0,3.57
6681,2023,United_States,Imports,3168237.0,3.57
6682,2023,Venezuela,Exports,7815.0,0.04
6683,2023,Venezuela,Imports,10940.0,0.04
6684,2023,Viet_Nam,Exports,353782.0,0.1
6685,2023,Viet_Nam,Imports,325776.0,0.1
6686,2024,Argentina,Exports,79703.0,0.03
6687,2024,Argentina,Imports,60776.0,0.03
6688,2024,Australia,Exports,340827.0,0.13
6689,2024,Australia,Imports,296340.0,0.13
6690,2024,Belgium,Exports,554582.0,0.15
6691,2024,Belgium,Imports,525986.0,0.15
6692,2024,Brazil,Exports,337046.0,0.09
6693,2024,Brazil,Imports,277954.0,0.09
6694,2024,Canada,Exports,567744.0,0.12
6695,2024,Canada,Imports,573098.0,0.12
6696,2024,Chile,Exports,99164.0,0.02
6697,2024,Chile,Imports,84261.0,0.02
6698,2024,China,Exports,3575795.0,0.71
6699,2024,China,Imports,2583218.0,0.71
6700,2024,Hong_Kong,Exports,645537.0,0.03
6701,2024,Hong_Kong,Imports,704141.0,0.03
6702,2024,Taiwan,Exports,474369.0,0.23
6703,2024,Taiwan,Imports,401113.0,0.23
6704,2024,Colombia,Exports,49564.0,0.06
6705,2024,Colombia,Imports,64105.0,0.06
6706,2024,Denmark,Exports,133335.0,0.04
6707,2024,Denmark,Imports,122842.0,0.04
6708,2024,Egypt,Exports,42247.0,0.55
6709,2024,Egypt,Imports,86083.0,0.55
6710,2024,Finland,Exports,78037.0,0.08
6711,2024,Finland,Imports,80985.0,0.08
6712,2024,France,Exports,640518.0,0.7
6713,2024,France,Imports,751836.0,0.7
6714,2024,Germany,Exports,1676408.0,0.45
6715,2024,Germany,Imports,1414153.0,0.45
6716,2024,Hungary,Exports,159268.0,0.08
6717,2024,Hungary,Imports,149805.0,0.08
6718,2024,India,Exports,442886.0,0.18
6719,2024,India,Imports,718284.0,0.18
6720,2024,Indonesia,Exports,264706.0,0.05
6721,2024,Indonesia,Imports,233659.0,0.05
6722,2024,Israel,Exports,60255.0,1.84
6723,2024,Israel,Imports,91865.0,1.84
6724,2024,Italy,Exports,673478.0,0.18
6725,2024,Italy,Imports,621388.0,0.18
6726,2024,Japan,Exports,707009.0,0.18
6727,2024,Japan,Imports,743498.0,0.18
6728,2024,Malaysia,Exports,330761.0,0.02
6729,2024,Malaysia,Imports,300216.0,0.02
6730,2024,Mexico,Exports,617677.0,0.13
6731,2024,Mexico,Imports,655300.0,0.13
6732,2024,Netherlands,Exports,920540.0,0.09
6733,2024,Netherlands,Imports,816621.0,0.09
6734,2024,Norway,Exports,167983.0,0.07
6735,2024,Norway,Imports,101127.0,0.07
6736,2024,Peru,Exports,74713.0,0.05
6737,2024,Peru,Imports,55200.0,0.05
6738,2024,Philippines,Exports,72984.0,0.06
6739,2024,Philippines,Imports,134882.0,0.06
6740,2024,Poland,Exports,382845.0,0.15
6741,2024,Poland,Imports,382259.0,0.15
6742,2024,Portugal,Exports,85367.0,0.02
6743,2024,Portugal,Imports,116023.0,0.02
6744,2024,South_Korea,Exports,683609.0,0.35
6745,2024,South_Korea,Imports,631767.0,0.35
6746,2024,Russia,Exports,433634.0,1.47
6747,2024,Russia,Imports,301550.0,1.47
6748,2024,Saudi_Arabia,Exports,305499.0,0.24
6749,2024,Saudi_Arabia,Imports,232806.0,0.24
6750,2024,South_Africa,Exports,110076.0,0.11
6751,2024,South_Africa,Imports,123470.0,0.11
6752,2024,Spain,Exports,428505.0,0.09
6753,2024,Spain,Imports,479331.0,0.09
6754,2024,Sweden,Exports,195663.0,0.06
6755,2024,Sweden,Imports,189669.0,0.06
6756,2024,Switzerland,Exports,447308.0,0.07
6757,2024,Switzerland,Imports,371955.0,0.07
6758,2024,Thailand,Exports,300740.0,0.03
6759,2024,Thailand,Imports,305523.0,0.03
6760,2024,Tunisia,Exports,19972.0,0.01
6761,2024,Tunisia,Imports,26070.0,0.01
6762,2024,Turkiye,Exports,261778.0,0.34
6763,2024,Turkiye,Imports,344010.0,0.34
6764,2024,Ukraine,Exports,41732.0,1.32
6765,2024,Ukraine,Imports,70772.0,1.32
6766,2024,United_Kingdom,Exports,524286.0,0.74
6767,2024,United_Kingdom,Imports,820194.0,0.74
6768,2024,United_States,Exports,2061691.0,3.48
6769,2024,United_States,Imports,3358247.0,3.48
6770,2024,Venezuela,Exports,14365.0,0.09
6771,2024,Venezuela,Imports,14890.0,0.09
6772,2024,Viet_Nam,Exports,404824.0,0.07
6773,2024,Viet_Nam,Imports,380515.0,0.07
6774,2025,Argentina,Exports,87111.0,0.02
6775,2025,Argentina,Imports,75791.0,0.02
6776,2025,Australia,Exports,337582.0,0.12
6777,2025,Australia,Imports,310631.0,0.12
6778,2025,Belgium,Exports,568105.0,0.15
6779,2025,Belgium,Imports,537701.0,0.15
6780,2025,Brazil,Exports,348278.0,0.08
6781,2025,Brazil,Imports,293696.0,0.08
6782,2025,Canada,Exports,554676.0,0.22
6783,2025,Canada,Imports,577441.0,0.22
6784,2025,Chile,Exports,107005.0,0.01
6785,2025,Chile,Imports,92663.0,0.01
6786,2025,China,Exports,3771842.0,0.64
6787,2025,China,Imports,2582896.0,0.64
6788,2025,Hong_Kong,Exports,753582.0,0.03
6789,2025,Hong_Kong,Imports,831832.0,0.03
6790,2025,Taiwan,Exports,640975.0,0.14
6791,2025,Taiwan,Imports,494303.0,0.14
6792,2025,Colombia,Exports,50086.0,0.11
6793,2025,Colombia,Imports,70502.0,0.11
6794,2025,Denmark,Exports,148379.0,0.07
6795,2025,Denmark,Imports,136227.0,0.07
6796,2025,Egypt,Exports,51403.0,0.24
6797,2025,Egypt,Imports,97539.0,0.24
6798,2025,Finland,Exports,84045.0,0.07
6799,2025,Finland,Imports,84865.0,0.07
6800,2025,France,Exports,683095.0,0.6
6801,2025,France,Imports,786434.0,0.6
6802,2025,Germany,Exports,1764188.0,0.43
6803,2025,Germany,Imports,1542796.0,0.43
6804,2025,Hungary,Exports,168841.0,0.09
6805,2025,Hungary,Imports,159200.0,0.09
6806,2025,India,Exports,445278.0,0.28
6807,2025,India,Imports,753481.0,0.28
6808,2025,Indonesia,Exports,282909.0,0.04
6809,2025,Indonesia,Imports,241857.0,0.04
6810,2025,Israel,Exports,59010.0,1.0
6811,2025,Israel,Imports,95481.0,1.0
6812,2025,Italy,Exports,726499.0,0.17
6813,2025,Italy,Imports,668672.0,0.17
6814,2025,Japan,Exports,738337.0,0.19
6815,2025,Japan,Imports,755553.0,0.19
6816,2025,Malaysia,Exports,376041.0,0.05
6817,2025,Malaysia,Imports,340436.0,0.05
6818,2025,Mexico,Exports,664837.0,0.19
6819,2025,Mexico,Imports,683018.0,0.19
6820,2025,Netherlands,Exports,989237.0,0.08
6821,2025,Netherlands,Imports,870442.0,0.08
6822,2025,Norway,Exports,170567.0,0.08
6823,2025,Norway,Imports,107319.0,0.08
6824,2025,Peru,Exports,82692.0,0.02
6825,2025,Peru,Imports,60631.0,0.02
6826,2025,Philippines,Exports,83723.0,0.05
6827,2025,Philippines,Imports,141196.0,0.05
6828,2025,Poland,Exports,413895.0,0.14
6829,2025,Poland,Imports,420914.0,0.14
6830,2025,Portugal,Exports,89417.0,0.02
6831,2025,Portugal,Imports,125854.0,0.02
6832,2025,South_Korea,Exports,709330.0,0.24
6833,2025,South_Korea,Imports,631895.0,0.24
6834,2025,Russia,Exports,419398.0,1.08
6835,2025,Russia,Imports,302710.0,1.08
6836,2025,Saudi_Arabia,Exports,310672.0,0.3
6837,2025,Saudi_Arabia,Imports,254063.0,0.3
6838,2025,South_Africa,Exports,116399.0,0.05
6839,2025,South_Africa,Imports,128080.0,0.05
6840,2025,Spain,Exports,445106.0,0.12
6841,2025,Spain,Imports,513316.0,0.12
6842,2025,Sweden,Exports,208332.0,0.07
6843,2025,Sweden,Imports,200981.0,0.07
6844,2025,Switzerland,Exports,554160.0,0.05
6845,2025,Switzerland,Imports,507429.0,0.05
6846,2025,Thailand,Exports,339635.0,0.06
6847,2025,Thailand,Imports,344943.0,0.06
6848,2025,Tunisia,Exports,21293.0,0.01
6849,2025,Tunisia,Imports,28591.0,0.01
6850,2025,Turkiye,Exports,273361.0,0.27
6851,2025,Turkiye,Imports,365370.0,0.27
6852,2025,Ukraine,Exports,40368.0,0.89
6853,2025,Ukraine,Imports,83573.0,0.89
6854,2025,United_Kingdom,Exports,555829.0,0.64
6855,2025,United_Kingdom,Imports,948641.0,0.64
6856,2025,United_States,Exports,2185220.0,2.85
6857,2025,United_States,Imports,3506554.0,2.85
6858,2025,Venezuela,Exports,8600.0,0.25
6859,2025,Venezuela,Imports,13805.0,0.25
6860,2025,Viet_Nam,Exports,472929.0,0.08
6861,2025,Viet_Nam,Imports,453778.0,0.08
