province_id,municipality_id,name
252,4919,ADAMS
252,4920,BACARRA
252,4921,BADOC
252,4922,BANGUI
252,4923,BANNA (ESPIRITU)
252,4924,BATAC CITY
252,4925,BURGOS
252,4926,CARASI
252,4927,CURRIMAO
252,4928,DINGRAS
252,4929,DUMALNEG
252,4930,LAOAG CITY
252,4931,MARCOS
252,4932,NUEVA ERA
252,4933,PAGUDPUD
252,4934,PAOAY
252,4935,PASUQUIN
252,4936,PIDDIG
252,4937,PINILI
252,4938,SAN NICOLAS
252,4939,SARRAT
252,4940,SOLSONA
252,4941,VINTAR
253,4942,ALILEM
253,4943,BANAYOYO
253,4944,BANTAY
253,4945,BURGOS
253,4946,CABUGAO
253,4947,CANDON CITY
253,4948,CAOAYAN
253,4949,CERVANTES
253,4950,GALIMUYOD
253,4951,GREGORIO DEL PILAR (CONCEPCION)
253,4952,LIDLIDDA
253,4953,MAGSINGAL
253,4954,NAGBUKEL
253,4955,NARVACAN
253,4956,QUIRINO (ANGKAKI)
253,4957,SALCEDO (BAUGEN)
253,4958,SAN EMILIO
253,4959,SAN ESTEBAN
253,4960,SAN ILDEFONSO
253,4961,SAN JUAN (LAPOG)
253,4962,SAN VICENTE
253,4963,SANTA
253,4964,SANTA CATALINA
253,4965,SANTA CRUZ (Region I)
253,4966,SANTA LUCIA
253,4967,SANTA MARIA (ILOCOS SUR)
253,4968,SANTIAGO
253,4969,SANTO DOMINGO
253,4970,SIGAY
253,4971,SINAIT
253,4972,SUGPON
253,4973,SUYO
253,4974,TAGUDIN
253,4975,VIGAN CITY
254,4976,AGOO
254,4977,ARINGAY
254,4978,BACNOTAN
254,4979,BAGULIN
254,4980,BALAOAN
254,4981,BANGAR
254,4982,BAUANG
254,4983,BURGOS
254,4984,CABA
254,4985,CITY OF SAN FERNANDO
254,4986,LUNA
254,4987,NAGUILIAN
254,4988,PUGO
254,4989,ROSARIO
254,4990,SAN GABRIEL
254,4991,SAN JUAN
254,4992,SANTO TOMAS
254,4993,SANTOL
254,4994,SUDIPEN
254,4995,TUBAO
255,4996,AGNO
255,4997,AGUILAR
255,4998,ALAMINOS CITY
255,4999,ALCALA
255,5000,ANDA
255,5001,ASINGAN
255,5002,BALUNGAO
255,5003,BANI
255,5004,BASISTA
255,5005,BAUTISTA
255,5006,BAYAMBANG
255,5007,BINALONAN
255,5008,BINMALEY
255,5009,BOLINAO
255,5010,BUGALLON
255,5011,BURGOS
255,5012,CALASIAO
255,5013,DAGUPAN CITY
255,5014,DASOL
255,5015,INFANTA
255,5016,LABRADOR
255,5017,LAOAC
255,5018,LINGAYEN
255,5019,MABINI
255,5020,MALASIQUI
255,5021,MANAOAG
255,5022,MANGALDAN
255,5023,MANGATAREM
255,5024,MAPANDAN
255,5025,NATIVIDAD
255,5026,POZORRUBIO
255,5027,ROSALES
255,5028,SAN CARLOS CITY
255,5029,SAN FABIAN
255,5030,SAN JACINTO
255,5031,SAN MANUEL
255,5032,SAN NICOLAS
255,5033,SAN QUINTIN
255,5034,SANTA BARBARA
255,5035,SANTA MARIA (PANGASINAN)
255,5036,SANTO TOMAS
255,5037,SISON
255,5038,SUAL
255,5039,TAYUG
255,5040,UMINGAN
255,5041,URBIZTONDO
255,5042,URDANETA CITY
255,5043,VILLASIS
256,5044,BASCO
256,5045,ITBAYAT
256,5046,IVANA
256,5047,MAHATAO
256,5048,SABTANG
256,5049,UYUGAN
257,5050,ABULUG
257,5051,ALCALA
257,5052,ALLACAPAN
257,5053,AMULUNG
257,5054,APARRI
257,5055,BAGGAO
257,5056,BALLESTEROS
257,5057,BUGUEY
257,5058,CALAYAN
257,5059,CAMALANIUGAN
257,5060,CLAVERIA
257,5061,ENRILE
257,5062,GATTARAN
257,5063,GONZAGA
257,5064,IGUIG
257,5065,LAL-LO
257,5066,LASAM
257,5067,PAMPLONA
257,5068,PEÑABLANCA
257,5069,PIAT
257,5070,RIZAL
257,5071,SANCHEZ-MIRA
257,5072,SANTA ANA
257,5073,SANTA PRAXEDES
257,5074,SANTA TERESITA
257,5075,SANTO NIÑO (FAIRE)
257,5076,SOLANA
257,5077,TUAO
257,5078,TUGUEGARAO CITY
258,5079,ALICIA
258,5080,ANGADANAN
258,5081,AURORA
258,5082,BENITO SOLIVEN
258,5083,BURGOS
258,5084,CABAGAN
258,5085,CABATUAN
258,5086,CAUAYAN CITY
258,5087,CITY OF SANTIAGO
258,5088,CORDON
258,5089,DELFIN ALBANO (MAGSAYSAY)
258,5090,DINAPIGUE
258,5091,DIVILACAN
258,5092,ECHAGUE
258,5093,GAMU
258,5094,ILAGAN CITY
258,5095,JONES
258,5096,LUNA
258,5097,MACONACON
258,5098,MALLIG
258,5099,NAGUILIAN
258,5100,PALANAN
258,5101,QUEZON
258,5102,QUIRINO
258,5103,RAMON
258,5104,REINA MERCEDES
258,5105,ROXAS
258,5106,SAN AGUSTIN
258,5107,SAN GUILLERMO
258,5108,SAN ISIDRO
258,5109,SAN MANUEL
258,5110,SAN MARIANO
258,5111,SAN MATEO
258,5112,SAN PABLO
258,5113,SANTA MARIA (ISABELA)
258,5114,SANTO TOMAS
258,5115,TUMAUINI
259,5116,ALFONSO CASTANEDA
259,5117,AMBAGUIO
259,5118,ARITAO
259,5119,BAGABAG
259,5120,BAMBANG
259,5121,BAYOMBONG
259,5122,DIADI
259,5123,DUPAX DEL NORTE
259,5124,DUPAX DEL SUR
259,5125,KASIBU
259,5126,KAYAPA
259,5127,QUEZON
259,5128,SANTA FE
259,5129,SOLANO
259,5130,VILLAVERDE
260,5131,AGLIPAY
260,5132,CABARROGUIS
260,5133,DIFFUN
260,5134,MADDELA
260,5135,NAGTIPUNAN
260,5136,SAGUDAY
261,5137,BALER
261,5138,CASIGURAN
261,5139,DILASAG
261,5140,DINALUNGAN
261,5141,DINGALAN
261,5142,DIPACULAO
261,5143,MARIA AURORA
261,5144,SAN LUIS
262,5145,ABUCAY
262,5146,BAGAC
262,5147,BALANGA CITY
262,5148,DINALUPIHAN
262,5149,HERMOSA
262,5150,LIMAY
262,5151,MARIVELES
262,5152,MORONG
262,5153,ORANI
262,5154,ORION
262,5155,PILAR
262,5156,SAMAL
263,5157,ANGAT
263,5158,BALAGTAS (BIGAA)
263,5159,BALIUAG
263,5160,BOCAUE
263,5161,BULACAN
263,5162,BUSTOS
263,5163,CALUMPIT
263,5164,DOÑA REMEDIOS TRINIDAD
263,5165,GUIGUINTO
263,5166,HAGONOY
263,5167,MALOLOS CITY
263,5168,MARILAO
263,5169,MEYCAUAYAN CITY
263,5170,NORZAGARAY
263,5171,OBANDO
263,5172,PANDI
263,5173,PAOMBONG
263,5174,PLARIDEL
263,5175,PULILAN
263,5176,SAN ILDEFONSO
263,5177,SAN JOSE DEL MONTE CITY
263,5178,SAN MIGUEL
263,5179,SAN RAFAEL
263,5180,SANTA MARIA (BULACAN)
264,5181,ALIAGA
264,5182,BONGABON
264,5183,CABANATUAN CITY
264,5184,CABIAO
264,5185,CARRANGLAN
264,5186,CUYAPO
264,5187,GABALDON (BITULOK AND SABANI)
264,5188,GAPAN CITY
264,5189,GENERAL MAMERTO NATIVIDAD
264,5190,GENERAL TINIO (PAPAYA)
264,5191,GUIMBA
264,5192,JAEN
264,5193,LAUR
264,5194,LICAB
264,5195,LLANERA
264,5196,LUPAO
264,5197,NAMPICUAN
264,5198,PALAYAN CITY
264,5199,PANTABANGAN
264,5200,PEÑARANDA
264,5201,QUEZON
264,5202,RIZAL
264,5203,SAN ANTONIO
264,5204,SAN ISIDRO
264,5205,SAN JOSE CITY
264,5206,SAN LEONARDO
264,5207,SANTA ROSA
264,5208,SANTO DOMINGO
264,5209,SCIENCE CITY OF MUÑOZ
264,5210,TALAVERA
264,5211,TALUGTUG
264,5212,ZARAGOZA
265,5213,ANGELES CITY
265,5214,APALIT
265,5215,ARAYAT
265,5216,BACOLOR
265,5217,CANDABA
265,5218,FLORIDABLANCA
265,5219,GUAGUA
265,5220,LUBAO
265,5221,MABALACAT CITY
265,5222,MACABEBE
265,5223,MAGALANG
265,5224,MASANTOL
265,5225,MEXICO
265,5226,MINALIN
265,5227,PORAC
265,5228,SAN FERNANDO CITY
265,5229,SAN LUIS
265,5230,SAN SIMON
265,5231,SANTA ANA
265,5232,SANTA RITA
265,5233,SANTO TOMAS
265,5234,SASMUAN (SEXMOAN)
266,5235,ANAO
266,5236,BAMBAN
266,5237,CAMILING
266,5238,CAPAS
266,5239,CITY OF TARLAC
266,5240,CONCEPCION
266,5241,GERONA
266,5242,LA PAZ
266,5243,MAYANTOC
266,5244,MONCADA
266,5245,PANIQUI
266,5246,PURA
266,5247,RAMOS
266,5248,SAN CLEMENTE
266,5249,SAN JOSE
266,5250,SAN MANUEL
266,5251,SANTA IGNACIA
266,5252,VICTORIA
267,5253,BOTOLAN
267,5254,CABANGAN
267,5255,CANDELARIA
267,5256,CASTILLEJOS
267,5257,IBA
267,5258,MASINLOC
267,5259,OLONGAPO CITY
267,5260,PALAUIG
267,5261,SAN ANTONIO
267,5262,SAN FELIPE
267,5263,SAN MARCELINO
267,5264,SAN NARCISO
267,5265,SANTA CRUZ
267,5266,SUBIC
268,5267,AGONCILLO
268,5268,ALITAGTAG
268,5269,BALAYAN
268,5270,BALETE
268,5271,BATANGAS CITY
268,5272,BAUAN
268,5273,CALACA
268,5274,CALATAGAN
268,5275,CUENCA
268,5276,IBAAN
268,5277,LAUREL
268,5278,LEMERY
268,5279,LIAN
268,5280,LIPA CITY
268,5281,LOBO
268,5282,MABINI
268,5283,MALVAR
268,5284,MATAAS NA KAHOY
268,5285,NASUGBU
268,5286,PADRE GARCIA
268,5287,ROSARIO
268,5288,SAN JOSE
268,5289,SAN JUAN
268,5290,SAN LUIS
268,5291,SAN NICOLAS
268,5292,SAN PASCUAL
268,5293,SANTA TERESITA
268,5294,SANTO TOMAS
268,5295,TAAL
268,5296,TALISAY
268,5297,TANAUAN CITY
268,5298,TAYSAN
268,5299,TINGLOY
268,5300,TUY
269,5301,ALFONSO
269,5302,AMADEO
269,5303,BACOOR CITY
269,5304,CARMONA
269,5305,CAVITE CITY
269,5306,DASMARIÑAS CITY
269,5307,GEN. MARIANO ALVAREZ
269,5308,GENERAL EMILIO AGUINALDO
269,5309,GENERAL TRIAS CITY
269,5310,IMUS CITY
269,5311,INDANG
269,5312,KAWIT
269,5313,MAGALLANES
269,5314,MARAGONDON
269,5315,MENDEZ (MENDEZ-NUÑEZ)
269,5316,NAIC
269,5317,NOVELETA
269,5318,ROSARIO
269,5319,SILANG
269,5320,TAGAYTAY CITY
269,5321,TANZA
269,5322,TERNATE
269,5323,TRECE MARTIRES CITY
270,5324,ALAMINOS
270,5325,BAY
270,5326,CABUYAO CITY
270,5327,CALAMBA CITY
270,5328,CALAUAN
270,5329,CAVINTI
270,5330,CITY OF BIÑAN
270,5331,FAMY
270,5332,KALAYAAN
270,5333,LILIW
270,5334,LOS BAÑOS
270,5335,LUISIANA
270,5336,LUMBAN
270,5337,MABITAC
270,5338,MAGDALENA
270,5339,MAJAYJAY
270,5340,NAGCARLAN
270,5341,PAETE
270,5342,PAGSANJAN
270,5343,PAKIL
270,5344,PANGIL
270,5345,PILA
270,5346,RIZAL
270,5347,SAN PABLO CITY
270,5348,SAN PEDRO CITY
270,5349,SANTA CRUZ
270,5350,SANTA MARIA (LAGUNA)
270,5351,SANTA ROSA CITY
270,5352,SINILOAN
270,5353,VICTORIA
271,5354,AGDANGAN
271,5355,ALABAT
271,5356,ATIMONAN
271,5357,BUENAVISTA
271,5358,BURDEOS
271,5359,CALAUAG
271,5360,CANDELARIA
271,5361,CATANAUAN
271,5362,DOLORES
271,5363,GENERAL LUNA
271,5364,GENERAL NAKAR
271,5365,GUINAYANGAN
271,5366,GUMACA
271,5367,INFANTA
271,5368,JOMALIG
271,5369,LOPEZ
271,5370,LUCBAN
271,5371,LUCENA CITY
271,5372,MACALELON
271,5373,MAUBAN
271,5374,MULANAY
271,5375,PADRE BURGOS
271,5376,PAGBILAO
271,5377,PANUKULAN
271,5378,PATNANUNGAN
271,5379,PEREZ
271,5380,PITOGO
271,5381,PLARIDEL
271,5382,POLILLO
271,5383,QUEZON
271,5384,REAL
271,5385,SAMPALOC (IV-A)
271,5386,SAN ANDRES
271,5387,SAN ANTONIO
271,5388,SAN FRANCISCO (AURORA)
271,5389,SAN NARCISO
271,5390,SARIAYA
271,5391,TAGKAWAYAN
271,5392,TAYABAS CITY
271,5393,TIAONG
271,5394,UNISAN
272,5395,ANGONO
272,5396,BARAS
272,5397,BINANGONAN
272,5398,CAINTA
272,5399,CARDONA
272,5400,CITY OF ANTIPOLO
272,5401,JALA-JALA
272,5402,MORONG
272,5403,PILILLA
272,5404,RODRIGUEZ (MONTALBAN)
272,5405,SAN MATEO
272,5406,TANAY
272,5407,TAYTAY
272,5408,TERESA
273,5409,BOAC
273,5410,BUENAVISTA
273,5411,GASAN
273,5412,MOGPOG
273,5413,SANTA CRUZ
273,5414,TORRIJOS
274,5415,ABRA DE ILOG
274,5416,CALINTAAN
274,5417,LOOC
274,5418,LUBANG
274,5419,MAGSAYSAY
274,5420,MAMBURAO
274,5421,PALUAN
274,5422,RIZAL
274,5423,SABLAYAN
274,5424,SAN JOSE
274,5425,SANTA CRUZ
275,5426,BACO
275,5427,BANSUD
275,5428,BONGABONG
275,5429,BULALACAO (SAN PEDRO)
275,5430,CITY OF CALAPAN
275,5431,GLORIA
275,5432,MANSALAY
275,5433,NAUJAN
275,5434,PINAMALAYAN
275,5435,POLA
275,5436,PUERTO GALERA
275,5437,ROXAS
275,5438,SAN TEODORO
275,5439,SOCORRO
275,5440,VICTORIA
276,5441,ABORLAN
276,5442,AGUTAYA
276,5443,ARACELI
276,5444,BALABAC
276,5445,BATARAZA
276,5446,BROOKE'S POINT
276,5447,BUSUANGA
276,5448,CAGAYANCILLO
276,5449,CORON
276,5450,CULION
276,5451,CUYO
276,5452,DUMARAN
276,5453,EL NIDO (BACUIT)
276,5454,KALAYAAN
276,5455,LINAPACAN
276,5456,MAGSAYSAY
276,5457,NARRA
276,5458,PUERTO PRINCESA CITY
276,5459,QUEZON
276,5460,RIZAL (MARCOS)
276,5461,ROXAS
276,5462,SAN VICENTE
276,5463,SOFRONIO ESPAÑOLA
276,5464,TAYTAY
277,5465,ALCANTARA
277,5466,BANTON
277,5467,CAJIDIOCAN
277,5468,CALATRAVA
277,5469,CONCEPCION
277,5470,CORCUERA
277,5471,FERROL
277,5472,LOOC
277,5473,MAGDIWANG
277,5474,ODIONGAN
277,5475,ROMBLON
277,5476,SAN AGUSTIN
277,5477,SAN ANDRES
277,5478,SAN FERNANDO
277,5479,SAN JOSE
277,5480,SANTA FE
277,5481,SANTA MARIA (IMELDA)
278,5482,BACACAY
278,5483,CAMALIG
278,5484,CITY OF LIGAO
278,5485,DARAGA (LOCSIN)
278,5486,GUINOBATAN
278,5487,JOVELLAR
278,5488,LEGAZPI CITY
278,5489,LIBON
278,5490,MALILIPOT
278,5491,MALINAO
278,5492,MANITO
278,5493,OAS
278,5494,PIO DURAN
278,5495,POLANGUI
278,5496,RAPU-RAPU
278,5497,SANTO DOMINGO (LIBOG)
278,5498,TABACO CITY
278,5499,TIWI
279,5500,BASUD
279,5501,CAPALONGA
279,5502,DAET
279,5503,JOSE PANGANIBAN
279,5504,LABO
279,5505,MERCEDES
279,5506,PARACALE
279,5507,SAN LORENZO RUIZ (IMELDA)
279,5508,SAN VICENTE
279,5509,SANTA ELENA
279,5510,TALISAY
279,5511,VINZONS
280,5512,BAAO
280,5513,BALATAN
280,5514,BATO
280,5515,BOMBON
280,5516,BUHI
280,5517,BULA
280,5518,CABUSAO
280,5519,CALABANGA
280,5520,CAMALIGAN
280,5521,CANAMAN
280,5522,CARAMOAN
280,5523,DEL GALLEGO
280,5524,GAINZA
280,5525,GARCHITORENA
280,5526,GOA
280,5527,IRIGA CITY
280,5528,LAGONOY
280,5529,LIBMANAN
280,5530,LUPI
280,5531,MAGARAO
280,5532,MILAOR
280,5533,MINALABAC
280,5534,NABUA
280,5535,NAGA CITY
280,5536,OCAMPO
280,5537,PAMPLONA
280,5538,PASACAO
280,5539,PILI
280,5540,PRESENTACION (PARUBCAN)
280,5541,RAGAY
280,5542,SAGÑAY
280,5543,SAN FERNANDO
280,5544,SAN JOSE
280,5545,SIPOCOT
280,5546,SIRUMA
280,5547,TIGAON
280,5548,TINAMBAC
281,5549,BAGAMANOC
281,5550,BARAS
281,5551,BATO
281,5552,CARAMORAN
281,5553,GIGMOTO
281,5554,PANDAN
281,5555,PANGANIBAN (PAYO)
281,5556,SAN ANDRES (CALOLBON)
281,5557,SAN MIGUEL
281,5558,VIGA
281,5559,VIRAC
282,5560,AROROY
282,5561,BALENO
282,5562,BALUD
282,5563,BATUAN
282,5564,CATAINGAN
282,5565,CAWAYAN
282,5566,CLAVERIA
282,5567,DIMASALANG
282,5568,ESPERANZA
282,5569,MANDAON
282,5570,MASBATE CITY
282,5571,MILAGROS
282,5572,MOBO
282,5573,MONREAL
282,5574,PALANAS
282,5575,PIO V. CORPUZ (LIMBUHAN)
282,5576,PLACER
282,5577,SAN FERNANDO
282,5578,SAN JACINTO
282,5579,SAN PASCUAL
282,5580,USON
283,5581,BARCELONA
283,5582,BULAN
283,5583,BULUSAN
283,5584,CASIGURAN
283,5585,CASTILLA
283,5586,DONSOL
283,5587,GUBAT
283,5588,IROSIN
283,5589,JUBAN
283,5590,MAGALLANES
283,5591,MATNOG
283,5592,PILAR
283,5593,PRIETO DIAZ
283,5594,SANTA MAGDALENA
283,5595,SORSOGON CITY
284,5596,ALTAVAS
284,5597,BALETE
284,5598,BANGA
284,5599,BATAN
284,5600,BURUANGA
284,5601,IBAJAY
284,5602,KALIBO
284,5603,LEZO
284,5604,LIBACAO
284,5605,MADALAG
284,5606,MAKATO
284,5607,MALAY
284,5608,MALINAO
284,5609,NABAS
284,5610,NEW WASHINGTON
284,5611,NUMANCIA
284,5612,TANGALAN
285,5613,ANINI-Y
285,5614,BARBAZA
285,5615,BELISON
285,5616,BUGASONG
285,5617,CALUYA
285,5618,CULASI
285,5619,HAMTIC
285,5620,LAUA-AN
285,5621,LIBERTAD
285,5622,PANDAN
285,5623,PATNONGON
285,5624,SAN JOSE
285,5625,SAN REMIGIO
285,5626,SEBASTE
285,5627,SIBALOM
285,5628,TIBIAO
285,5629,TOBIAS FORNIER (DAO)
285,5630,VALDERRAMA
286,5631,CUARTERO
286,5632,DAO
286,5633,DUMALAG
286,5634,DUMARAO
286,5635,IVISAN
286,5636,JAMINDAN
286,5637,MA-AYON
286,5638,MAMBUSAO
286,5639,PANAY
286,5640,PANITAN
286,5641,PILAR
286,5642,PONTEVEDRA
286,5643,PRESIDENT ROXAS
286,5644,ROXAS CITY
286,5645,SAPI-AN
286,5646,SIGMA
286,5647,TAPAZ
287,5648,BUENAVISTA
287,5649,JORDAN
287,5650,NUEVA VALENCIA
287,5651,SAN LORENZO
287,5652,SIBUNAG
288,5653,AJUY
288,5654,ALIMODIAN
288,5655,ANILAO
288,5656,BADIANGAN
288,5657,BALASAN
288,5658,BANATE
288,5659,BAROTAC NUEVO
288,5660,BAROTAC VIEJO
288,5661,BATAD
288,5662,BINGAWAN
288,5663,CABATUAN
288,5664,CALINOG
288,5665,CARLES
288,5666,CITY OF PASSI
288,5667,CONCEPCION
288,5668,DINGLE
288,5669,DUEÑAS
288,5670,DUMANGAS
288,5671,ESTANCIA
288,5672,GUIMBAL
288,5673,IGBARAS
288,5674,ILOILO CITY
288,5675,JANIUAY
288,5676,LAMBUNAO
288,5677,LEGANES
288,5678,LEMERY
288,5679,LEON
288,5680,MAASIN
288,5681,MIAGAO
288,5682,MINA
288,5683,NEW LUCENA
288,5684,OTON
288,5685,PAVIA
288,5686,POTOTAN
288,5687,SAN DIONISIO
288,5688,SAN ENRIQUE
288,5689,SAN JOAQUIN
288,5690,SAN MIGUEL
288,5691,SAN RAFAEL
288,5692,SANTA BARBARA
288,5693,SARA
288,5694,TIGBAUAN
288,5695,TUBUNGAN
288,5696,ZARRAGA
289,5697,BACOLOD CITY
289,5698,BAGO CITY
289,5699,BINALBAGAN
289,5700,CADIZ CITY
289,5701,CALATRAVA
289,5702,CANDONI
289,5703,CAUAYAN
289,5704,ENRIQUE B. MAGALONA (SARAVIA)
289,5705,ESCALANTE CITY
289,5706,HIMAMAYLAN CITY
289,5707,HINIGARAN
289,5708,HINOBA-AN (ASIA)
289,5709,ILOG
289,5710,ISABELA
289,5711,KABANKALAN CITY
289,5712,LA CARLOTA CITY
289,5713,LA CASTELLANA
289,5714,MANAPLA
289,5715,MOISES PADILLA (MAGALLON)
289,5716,MURCIA
289,5717,PONTEVEDRA
289,5718,PULUPANDAN
289,5719,SAGAY CITY
289,5720,SALVADOR BENEDICTO
289,5721,SAN CARLOS CITY
289,5722,SAN ENRIQUE
289,5723,SILAY CITY
289,5724,SIPALAY CITY
289,5725,TALISAY CITY
289,5726,TOBOSO
289,5727,VALLADOLID
289,5728,VICTORIAS CITY
290,5729,ALBURQUERQUE
290,5730,ALICIA
290,5731,ANDA
290,5732,ANTEQUERA
290,5733,BACLAYON
290,5734,BALILIHAN
290,5735,BATUAN
290,5736,BIEN UNIDO
290,5737,BILAR
290,5738,BUENAVISTA
290,5739,CALAPE
290,5740,CANDIJAY
290,5741,CARMEN
290,5742,CATIGBIAN
290,5743,CLARIN
290,5744,CORELLA
290,5745,CORTES
290,5746,DAGOHOY
290,5747,DANAO
290,5748,DAUIS
290,5749,DIMIAO
290,5750,DUERO
290,5751,GARCIA HERNANDEZ
290,5752,GUINDULMAN
290,5753,INABANGA
290,5754,JAGNA
290,5755,JETAFE
290,5756,LILA
290,5757,LOAY
290,5758,LOBOC
290,5759,LOON
290,5760,MABINI
290,5761,MARIBOJOC
290,5762,PANGLAO
290,5763,PILAR
290,5764,PRES. CARLOS P. GARCIA (PITOGO)
290,5765,SAGBAYAN (BORJA)
290,5766,SAN ISIDRO
290,5767,SAN MIGUEL
290,5768,SEVILLA
290,5769,SIERRA BULLONES
290,5770,SIKATUNA
290,5771,TAGBILARAN CITY
290,5772,TALIBON
290,5773,TRINIDAD
290,5774,TUBIGON
290,5775,UBAY
290,5776,VALENCIA
291,5777,ALCANTARA
291,5778,ALCOY
291,5779,ALEGRIA
291,5780,ALOGUINSAN
291,5781,ARGAO
291,5782,ASTURIAS
291,5783,BADIAN
291,5784,BALAMBAN
291,5785,BANTAYAN
291,5786,BARILI
291,5787,BOGO CITY
291,5788,BOLJOON
291,5789,BORBON
291,5790,CARCAR CITY
291,5791,CARMEN
291,5792,CATMON
291,5793,CEBU CITY
291,5794,COMPOSTELA
291,5795,CONSOLACION
291,5796,CORDOBA
291,5797,DAANBANTAYAN
291,5798,DALAGUETE
291,5799,DANAO CITY
291,5800,DUMANJUG
291,5801,GINATILAN
291,5802,LAPU-LAPU CITY (OPON)
291,5803,LILOAN
291,5804,MADRIDEJOS
291,5805,MALABUYOC
291,5806,MANDAUE CITY
291,5807,MEDELLIN
291,5808,MINGLANILLA
291,5809,MOALBOAL
291,5810,NAGA CITY
291,5811,OSLOB
291,5812,PILAR
291,5813,PINAMUNGAHAN
291,5814,PORO
291,5815,RONDA
291,5816,SAMBOAN
291,5817,SAN FERNANDO
291,5818,SAN FRANCISCO
291,5819,SAN REMIGIO
291,5820,SANTA FE
291,5821,SANTANDER
291,5822,SIBONGA
291,5823,SOGOD
291,5824,TABOGON
291,5825,TABUELAN
291,5826,TALISAY CITY
291,5827,TOLEDO CITY
291,5828,TUBURAN
291,5829,TUDELA
292,5830,AMLAN (AYUQUITAN)
292,5831,AYUNGON
292,5832,BACONG
292,5833,BAIS CITY
292,5834,BASAY
292,5835,BAYAWAN CITY (TULONG)
292,5836,BINDOY (PAYABON)
292,5837,CANLAON CITY
292,5838,DAUIN
292,5839,DUMAGUETE CITY
292,5840,GUIHULNGAN CITY
292,5841,JIMALALUD
292,5842,LA LIBERTAD
292,5843,MABINAY
292,5844,MANJUYOD
292,5845,PAMPLONA
292,5846,SAN JOSE
292,5847,SANTA CATALINA
292,5848,SIATON
292,5849,SIBULAN
292,5850,TANJAY CITY
292,5851,TAYASAN
292,5852,VALENCIA (LUZURRIAGA)
292,5853,VALLEHERMOSO
292,5854,ZAMBOANGUITA
293,5855,ENRIQUE VILLANUEVA
293,5856,LARENA
293,5857,LAZI
293,5858,MARIA
293,5859,SAN JUAN
293,5860,SIQUIJOR
294,5861,ALMERIA
294,5862,BILIRAN
294,5863,CABUCGAYAN
294,5864,CAIBIRAN
294,5865,CULABA
294,5866,KAWAYAN
294,5867,MARIPIPI
294,5868,NAVAL
295,5869,ARTECHE
295,5870,BALANGIGA
295,5871,BALANGKAYAN
295,5872,BORONGAN CITY
295,5873,CAN-AVID
295,5874,DOLORES
295,5875,GENERAL MACARTHUR
295,5876,GIPORLOS
295,5877,GUIUAN
295,5878,HERNANI
295,5879,JIPAPAD
295,5880,LAWAAN
295,5881,LLORENTE
295,5882,MASLOG
295,5883,MAYDOLONG
295,5884,MERCEDES
295,5885,ORAS
295,5886,QUINAPONDAN
295,5887,SALCEDO (EASTERN SAMAR)
295,5888,SAN JULIAN
295,5889,SAN POLICARPO
295,5890,SULAT
295,5891,TAFT
296,5892,ABUYOG
296,5893,ALANGALANG
296,5894,ALBUERA
296,5895,BABATNGON
296,5896,BARUGO
296,5897,BATO
296,5898,BAYBAY CITY
296,5899,BURAUEN
296,5900,CALUBIAN
296,5901,CAPOOCAN
296,5902,CARIGARA
296,5903,DAGAMI
296,5904,DULAG
296,5905,HILONGOS
296,5906,HINDANG
296,5907,INOPACAN
296,5908,ISABEL
296,5909,JARO
296,5910,JAVIER (BUGHO)
296,5911,JULITA
296,5912,KANANGA
296,5913,LA PAZ
296,5914,LEYTE
296,5915,MACARTHUR
296,5916,MAHAPLAG
296,5917,MATAG-OB
296,5918,MATALOM
296,5919,MAYORGA
296,5920,MERIDA
296,5921,ORMOC CITY
296,5922,PALO
296,5923,PALOMPON
296,5924,PASTRANA
296,5925,SAN ISIDRO
296,5926,SAN MIGUEL
296,5927,SANTA FE
296,5928,TABANGO
296,5929,TABONTABON
296,5930,TACLOBAN CITY
296,5931,TANAUAN
296,5932,TOLOSA
296,5933,TUNGA
296,5934,VILLABA
297,5935,ALLEN
297,5936,BIRI
297,5937,BOBON
297,5938,CAPUL
297,5939,CATARMAN
297,5940,CATUBIG
297,5941,GAMAY
297,5942,LAOANG
297,5943,LAPINIG
297,5944,LAS NAVAS
297,5945,LAVEZARES
297,5946,LOPE DE VEGA
297,5947,MAPANAS
297,5948,MONDRAGON
297,5949,PALAPAG
297,5950,PAMBUJAN
297,5951,ROSARIO
297,5952,SAN ANTONIO
297,5953,SAN ISIDRO
297,5954,SAN JOSE
297,5955,SAN ROQUE
297,5956,SAN VICENTE
297,5957,SILVINO LOBOS
297,5958,VICTORIA
298,5959,ALMAGRO
298,5960,BASEY
298,5961,CALBAYOG CITY
298,5962,CALBIGA
298,5963,CATBALOGAN CITY
298,5964,DARAM
298,5965,GANDARA
298,5966,HINABANGAN
298,5967,JIABONG
298,5968,MARABUT
298,5969,MATUGUINAO
298,5970,MOTIONG
298,5971,PAGSANGHAN
298,5972,PARANAS (WRIGHT)
298,5973,PINABACDAO
298,5974,SAN JORGE
298,5975,SAN JOSE DE BUAN
298,5976,SAN SEBASTIAN
298,5977,SANTA MARGARITA
298,5978,SANTA RITA
298,5979,SANTO NIÑO
298,5980,TAGAPUL-AN
298,5981,TALALORA
298,5982,TARANGNAN
298,5983,VILLAREAL
298,5984,ZUMARRAGA
299,5985,ANAHAWAN
299,5986,BONTOC
299,5987,HINUNANGAN
299,5988,HINUNDAYAN
299,5989,LIBAGON
299,5990,LILOAN
299,5991,LIMASAWA
299,5992,MAASIN CITY
299,5993,MACROHON
299,5994,MALITBOG
299,5995,PADRE BURGOS
299,5996,PINTUYAN
299,5997,SAINT BERNARD
299,5998,SAN FRANCISCO
299,5999,SAN JUAN (CABALIAN)
299,6000,SAN RICARDO
299,6001,SILAGO
299,6002,SOGOD
299,6003,TOMAS OPPUS
300,6004,BACUNGAN (LEON T. POSTIGO)
300,6005,BALIGUIAN
300,6006,DAPITAN CITY
300,6007,DIPOLOG CITY
300,6008,GODOD
300,6009,GUTALAC
300,6010,JOSE DALMAN (PONOT)
300,6011,KALAWIT
300,6012,KATIPUNAN
300,6013,LA LIBERTAD
300,6014,LABASON
300,6015,LILOY
300,6016,MANUKAN
300,6017,MUTIA
300,6018,PIÑAN (NEW PIÑAN)
300,6019,POLANCO
300,6020,PRES. MANUEL A. ROXAS
300,6021,RIZAL
300,6022,SALUG
300,6023,SERGIO OSMEÑA SR.
300,6024,SIAYAN
300,6025,SIBUCO
300,6026,SIBUTAD
300,6027,SINDANGAN
300,6028,SIOCON
300,6029,SIRAWAI
300,6030,TAMPILISAN
301,6031,AURORA
301,6032,BAYOG
301,6033,DIMATALING
301,6034,DINAS
301,6035,DUMALINAO
301,6036,DUMINGAG
301,6037,GUIPOS
301,6038,JOSEFINA
301,6039,KUMALARANG
301,6040,LABANGAN
301,6041,LAKEWOOD
301,6042,LAPUYAN
301,6043,MAHAYAG
301,6044,MARGOSATUBIG
301,6045,MIDSALIP
301,6046,MOLAVE
301,6047,PAGADIAN CITY
301,6048,PITOGO
301,6049,RAMON MAGSAYSAY (LIARGO)
301,6050,SAN MIGUEL
301,6051,SAN PABLO
301,6052,SOMINOT (DON MARIANO MARCOS)
301,6053,TABINA
301,6054,TAMBULIG
301,6055,TIGBAO
301,6056,TUKURAN
301,6057,VINCENZO A. SAGUN
301,6058,ZAMBOANGA CITY
302,6059,ALICIA
302,6060,BUUG
302,6061,DIPLAHAN
302,6062,IMELDA
302,6063,IPIL
302,6064,KABASALAN
302,6065,MABUHAY
302,6066,MALANGAS
302,6067,NAGA
302,6068,OLUTANGA
302,6069,PAYAO
302,6070,ROSELLER LIM
302,6071,SIAY
302,6072,TALUSAN
302,6073,TITAY
302,6074,TUNGAWAN
303,6075,BAUNGON
303,6076,CABANGLASAN
303,6077,CITY OF MALAYBALAY
303,6078,DAMULOG
303,6079,DANGCAGAN
303,6080,DON CARLOS
303,6081,IMPASUG-ONG
303,6082,KADINGILAN
303,6083,KALILANGAN
303,6084,KIBAWE
303,6085,KITAOTAO
303,6086,LANTAPAN
303,6087,LIBONA
303,6088,MALITBOG
303,6089,MANOLO FORTICH
303,6090,MARAMAG
303,6091,PANGANTUCAN
303,6092,QUEZON
303,6093,SAN FERNANDO
303,6094,SUMILAO
303,6095,TALAKAG
303,6096,VALENCIA CITY
304,6097,CATARMAN
304,6098,GUINSILIBAN
304,6099,MAHINOG
304,6100,MAMBAJAO
304,6101,SAGAY
305,6102,BACOLOD
305,6103,BALOI
305,6104,BAROY
305,6105,ILIGAN CITY
305,6106,KAPATAGAN
305,6107,KAUSWAGAN
305,6108,KOLAMBUGAN
305,6109,LALA
305,6110,LINAMON
305,6111,MAGSAYSAY
305,6112,MAIGO
305,6113,MATUNGAO
305,6114,MUNAI
305,6115,NUNUNGAN
305,6116,PANTAO RAGAT
305,6117,PANTAR
305,6118,POONA PIAGAPO
305,6119,SALVADOR
305,6120,SAPAD
305,6121,SULTAN NAGA DIMAPORO (KAROMATAN)
305,6122,TAGOLOAN
305,6123,TANGCAL
305,6124,TUBOD
306,6125,ALORAN
306,6126,BALIANGAO
306,6127,BONIFACIO
306,6128,CALAMBA
306,6129,CLARIN
306,6130,CONCEPCION
306,6131,DON VICTORIANO CHIONGBIAN (DON MARIANO MARCOS)
306,6132,JIMENEZ
306,6133,LOPEZ JAENA
306,6134,OROQUIETA CITY
306,6135,OZAMIS CITY
306,6136,PANAON
306,6137,PLARIDEL
306,6138,SAPANG DALAGA
306,6139,SINACABAN
306,6140,TANGUB CITY
306,6141,TUDELA
307,6142,ALUBIJID
307,6143,BALINGASAG
307,6144,BALINGOAN
307,6145,BINUANGAN
307,6146,CAGAYAN DE ORO CITY
307,6147,CLAVERIA
307,6148,EL SALVADOR CITY
307,6149,GINGOOG CITY
307,6150,GITAGUM
307,6151,INITAO
307,6152,JASAAN
307,6153,KINOGUITAN
307,6154,LAGONGLONG
307,6155,LAGUINDINGAN
307,6156,LIBERTAD
307,6157,LUGAIT
307,6158,MAGSAYSAY (LINUGOS)
307,6159,MANTICAO
307,6160,MEDINA
307,6161,NAAWAN
307,6162,OPOL
307,6163,SALAY
307,6164,SUGBONGCOGON
307,6165,TAGOLOAN
307,6166,TALISAYAN
307,6167,VILLANUEVA
308,6168,COMPOSTELA
308,6169,LAAK (SAN VICENTE)
308,6170,MABINI (DOÑA ALICIA)
308,6171,MACO
308,6172,MARAGUSAN (SAN MARIANO)
308,6173,MAWAB
308,6174,MONKAYO
308,6175,MONTEVISTA
308,6176,NABUNTURAN
308,6177,NEW BATAAN
308,6178,PANTUKAN
309,6179,ASUNCION (SAUG)
309,6180,BRAULIO E. DUJALI
309,6181,CARMEN
309,6182,CITY OF TAGUM
309,6183,ISLAND GARDEN CITY OF SAMAL
309,6184,KAPALONG
309,6185,NEW CORELLA
309,6186,PANABO CITY
309,6187,SAN ISIDRO
309,6188,SANTO TOMAS
309,6189,TALAINGOD
310,6190,BANSALAN
310,6191,DAVAO CITY
310,6192,DIGOS CITY
310,6193,HAGONOY
310,6194,KIBLAWAN
310,6195,MAGSAYSAY
310,6196,MALALAG
310,6197,MATANAO
310,6198,PADADA
310,6199,SANTA CRUZ
310,6200,SULOP
311,6201,DON MARCELINO
311,6202,JOSE ABAD SANTOS (TRINIDAD)
311,6203,MALITA
311,6204,SANTA MARIA (DAVAO OCCIDENTAL)
311,6205,SARANGANI
312,6206,BAGANGA
312,6207,BANAYBANAY
312,6208,BOSTON
312,6209,CARAGA
312,6210,CATEEL
312,6211,GOVERNOR GENEROSO
312,6212,LUPON
312,6213,MANAY
312,6214,MATI CITY
312,6215,SAN ISIDRO
312,6216,TARRAGONA
313,6217,ALAMADA
313,6218,ALEOSAN
313,6219,ANTIPAS
313,6220,ARAKAN
313,6221,BANISILAN
313,6222,CARMEN
313,6223,CITY OF KIDAPAWAN
313,6224,KABACAN
313,6225,LIBUNGAN
313,6226,M'LANG
313,6227,MAGPET
313,6228,MAKILALA
313,6229,MATALAM
313,6230,MIDSAYAP
313,6231,PIGKAWAYAN
313,6232,PIKIT
313,6233,PRESIDENT ROXAS
313,6234,TULUNAN
314,6235,ALABEL
314,6236,GLAN
314,6237,KIAMBA
314,6238,MAASIM
314,6239,MAITUM
314,6240,MALAPATAN
314,6241,MALUNGON
315,6242,BANGA
315,6243,GENERAL SANTOS CITY (DADIANGAS)
315,6244,KORONADAL CITY
315,6245,LAKE SEBU
315,6246,NORALA
315,6247,POLOMOLOK
315,6248,SANTO NIÑO
315,6249,SURALLAH
315,6250,T`BOLI
315,6251,TAMPAKAN
315,6252,TANTANGAN
315,6253,TUPI
316,6254,BAGUMBAYAN
316,6255,COLUMBIO
316,6256,ESPERANZA
316,6257,ISULAN
316,6258,KALAMANSIG
316,6259,LAMBAYONG (MARIANO MARCOS)
316,6260,LEBAK
316,6261,LUTAYAN
316,6262,PALIMBANG
316,6263,PRESIDENT QUIRINO
316,6264,SEN. NINOY AQUINO
316,6265,TACURONG CITY
317,6266,BUENAVISTA
317,6267,BUTUAN CITY
317,6268,CABADBARAN CITY
317,6269,CARMEN
317,6270,JABONGA
317,6271,KITCHARAO
317,6272,LAS NIEVES
317,6273,MAGALLANES
317,6274,NASIPIT
317,6275,REMEDIOS T. ROMUALDEZ
317,6276,SANTIAGO
317,6277,TUBAY
318,6278,BAYUGAN CITY
318,6279,BUNAWAN
318,6280,ESPERANZA
318,6281,LA PAZ
318,6282,LORETO
318,6283,PROSPERIDAD
318,6284,ROSARIO
318,6285,SAN FRANCISCO
318,6286,SAN LUIS
318,6287,SANTA JOSEFA
318,6288,SIBAGAT
318,6289,TALACOGON
318,6290,TRENTO
318,6291,VERUELA
319,6292,BASILISA (RIZAL)
319,6293,CAGDIANAO
319,6294,DINAGAT
319,6295,LIBJO (ALBOR)
319,6296,LORETO
319,6297,SAN JOSE
319,6298,TUBAJON
320,6299,ALEGRIA
320,6300,BACUAG
320,6301,BURGOS
320,6302,CLAVER
320,6303,DAPA
320,6304,DEL CARMEN
320,6305,GENERAL LUNA
320,6306,GIGAQUIT
320,6307,MAINIT
320,6308,MALIMONO
320,6309,PILAR
320,6310,PLACER
320,6311,SAN BENITO
320,6312,SAN FRANCISCO (ANAO-AON)
320,6313,SAN ISIDRO
320,6314,SANTA MONICA (SAPAO)
320,6315,SISON
320,6316,SOCORRO
320,6317,SURIGAO CITY
320,6318,TAGANA-AN
320,6319,TUBOD
321,6320,BAROBO
321,6321,BAYABAS
321,6322,BISLIG CITY
321,6323,CAGWAIT
321,6324,CANTILAN
321,6325,CARMEN
321,6326,CARRASCAL
321,6327,CORTES
321,6328,HINATUAN
321,6329,LANUZA
321,6330,LIANGA
321,6331,LINGIG
321,6332,MADRID
321,6333,MARIHATAG
321,6334,SAN AGUSTIN
321,6335,SAN MIGUEL
321,6336,TAGBINA
321,6337,TAGO
321,6338,TANDAG CITY
322,6339,AKBAR
322,6340,AL-BARKA
322,6341,HADJI MOHAMMAD AJUL
322,6342,HADJI MUHTAMAD
322,6343,ISABELA CITY
322,6344,LAMITAN CITY
322,6345,LANTAWAN
322,6346,MALUSO
322,6347,SUMISIP
322,6348,TABUAN-LASA
322,6349,TIPO-TIPO
322,6350,TUBURAN
322,6351,UNGKAYA PUKAN
323,6352,AMAI MANABILANG (BUMBARAN)
323,6353,BACOLOD-KALAWI (BACOLOD GRANDE)
323,6354,BALABAGAN
323,6355,BALINDONG (WATU)
323,6356,BAYANG
323,6357,BINIDAYAN
323,6358,BUADIPOSO-BUNTONG
323,6359,BUBONG
323,6360,BUTIG
323,6361,CALANOGAS
323,6362,DITSAAN-RAMAIN
323,6363,GANASSI
323,6364,KAPAI
323,6365,KAPATAGAN
323,6366,LUMBA-BAYABAO (MAGUING)
323,6367,LUMBACA-UNAYAN
323,6368,LUMBATAN
323,6369,LUMBAYANAGUE
323,6370,MADALUM
323,6371,MADAMBA
323,6372,MAGUING
323,6373,MALABANG
323,6374,MARANTAO
323,6375,MARAWI CITY
323,6376,MAROGONG
323,6377,MASIU
323,6378,MULONDO
323,6379,PAGAYAWAN (TATARIKAN)
323,6380,PIAGAPO
323,6381,PICONG (SULTAN GUMANDER)
323,6382,POONA BAYABAO (GATA)
323,6383,PUALAS
323,6384,SAGUIARAN
323,6385,SULTAN DUMALONDONG
323,6386,TAGOLOAN
323,6387,TAMPARAN
323,6388,TARAKA
323,6389,TUBARAN
323,6390,TUGAYA
323,6391,WAO
324,6392,AMPATUAN
324,6393,BARIRA
324,6394,BULDON
324,6395,BULUAN
324,6396,COTABATO CITY
324,6397,DATU ABDULLAH SANGKI
324,6398,DATU ANGGAL MIDTIMBANG
324,6399,DATU BLAH T. SINSUAT
324,6400,DATU HOFFER AMPATUAN
324,6401,DATU ODIN SINSUAT (DINAIG)
324,6402,DATU PAGLAS
324,6403,DATU PIANG
324,6404,DATU SALIBO
324,6405,DATU SAUDI AMPATUAN
324,6406,DATU UNSAY
324,6407,GEN. S. K. PENDATUN
324,6408,GUINDULUNGAN
324,6409,KABUNTALAN (TUMBAO)
324,6410,MAMASAPANO
324,6411,MANGUDADATU
324,6412,MATANOG
324,6413,NORTHERN KABUNTALAN
324,6414,PAGAGAWAN
324,6415,PAGALUNGAN
324,6416,PAGLAT
324,6417,PANDAG
324,6418,PARANG
324,6419,RAJAH BUAYAN
324,6420,SHARIFF AGUAK (MAGANOY)
324,6421,SHARIFF SAYDONA MUSTAPHA
324,6422,SOUTH UPI
324,6423,SULTAN KUDARAT (NULING)
324,6424,SULTAN MASTURA
324,6425,SULTAN SA BARONGIS (LAMBAYONG)
324,6426,TALAYAN
324,6427,TALITAY
324,6428,UPI
325,6429,HADJI PANGLIMA TAHIL (MARUNGGAS)
325,6430,INDANAN
325,6431,JOLO
325,6432,KALINGALAN CALUANG
325,6433,LUGUS
325,6434,LUUK
325,6435,MAIMBUNG
325,6436,OLD PANAMAO
325,6437,OMAR
325,6438,PANDAMI
325,6439,PANGLIMA ESTINO (NEW PANAMAO)
325,6440,PANGUTARAN
325,6441,PARANG
325,6442,PATA
325,6443,PATIKUL
325,6444,SIASI
325,6445,TALIPAO
325,6446,TAPUL
325,6447,TONGKIL
326,6448,BONGAO
326,6449,LANGUYAN
326,6450,MAPUN (CAGAYAN DE TAWI-TAWI)
326,6451,PANGLIMA SUGALA (BALIMBING)
326,6452,SAPA-SAPA
326,6453,SIBUTU
326,6454,SIMUNUL
326,6455,SITANGKAI
326,6456,SOUTH UBIAN
326,6457,TANDUBAS
326,6458,TURTLE ISLANDS
327,6459,BANGUED
327,6460,BOLINEY
327,6461,BUCAY
327,6462,BUCLOC
327,6463,DAGUIOMAN
327,6464,DANGLAS
327,6465,DOLORES
327,6466,LA PAZ
327,6467,LACUB
327,6468,LAGANGILANG
327,6469,LAGAYAN
327,6470,LANGIDEN
327,6471,LICUAN-BAAY (LICUAN)
327,6472,LUBA
327,6473,MALIBCONG
327,6474,MANABO
327,6475,PEÑARRUBIA
327,6476,PIDIGAN
327,6477,PILAR
327,6478,SALLAPADAN
327,6479,SAN ISIDRO
327,6480,SAN JUAN
327,6481,SAN QUINTIN
327,6482,TAYUM
327,6483,TINEG
327,6484,TUBO
327,6485,VILLAVICIOSA
328,6486,CALANASAN (BAYAG)
328,6487,CONNER
328,6488,FLORA
328,6489,KABUGAO
328,6490,LUNA
328,6491,PUDTOL
328,6492,SANTA MARCELA
329,6493,ATOK
329,6494,BAGUIO CITY
329,6495,BAKUN
329,6496,BOKOD
329,6497,BUGUIAS
329,6498,ITOGON
329,6499,KABAYAN
329,6500,KAPANGAN
329,6501,KIBUNGAN
329,6502,LA TRINIDAD
329,6503,MANKAYAN
329,6504,SABLAN
329,6505,TUBA
329,6506,TUBLAY
330,6507,AGUINALDO
330,6508,ALFONSO LISTA (POTIA)
330,6509,ASIPULO
330,6510,BANAUE
330,6511,HINGYON
330,6512,HUNGDUAN
330,6513,KIANGAN
330,6514,LAGAWE
330,6515,LAMUT
330,6516,MAYOYAO
330,6517,TINOC
331,6518,BALBALAN
331,6519,LUBUAGAN
331,6520,PASIL
331,6521,PINUKPUK
331,6522,RIZAL (LIWAN)
331,6523,TABUK CITY
331,6524,TANUDAN
331,6525,TINGLAYAN
338,6526,BARLIG
338,6527,BAUKO
338,6528,BESAO
338,6529,BONTOC
338,6530,NATONIN
338,6531,PARACELIS
338,6532,SABANGAN
338,6533,SADANGA
338,6534,SAGADA
338,6535,TADIAN
339,6536,CITY OF LAS PIÑAS
339,6537,CITY OF MAKATI
339,6538,CITY OF MUNTINLUPA
339,6539,CITY OF PARAÑAQUE
339,6540,PASAY CITY
340,6541,BINONDO
340,6542,ERMITA
340,6543,INTRAMUROS
340,6544,MALATE
340,6545,PACO (South)
340,6546,PANDACAN
340,6547,PORT AREA
340,6548,QUIAPO
340,6549,SAMPALOC (Manila)
340,6550,SAN MIGUEL (Manila)
340,6551,SAN NICOLAS (Manila)
340,6552,SANTA ANA (Manila)
340,6553,SANTA CRUZ (Manila)
340,6554,TONDO II
341,6555,CITY OF MANDALUYONG
341,6556,CITY OF MARIKINA
341,6557,CITY OF PASIG
341,6558,QUEZON CITY
341,6559,SAN JUAN CITY
342,6560,CALOOCAN CITY
342,6561,CITY OF VALENZUELA
342,6562,MALABON CITY
342,6563,NAVOTAS CITY
339,6564,PATEROS
339,6565,TAGUIG
340,6566,TONDO I
340,6567,PACO (North)
340,6568,SANTA MESA (Manila)
,6569,"Tondo, Manila"
,6570,Makati
,6571,"Camarin, Caloocan City"
,6572,Sampaloc
,6573,Manila
,6574,Valenzuela
,6575,Cavite
,6576,Bislig City
,6577,Ilocos Sur
,6578,San Feliper
,6579,Pasay
,6580,QC
,6581,"Novaliches, Q.C"
,6582,"Novaliches, Q.C"
,6583,"Novaliches, Caloocan City"
,6584,"Malate, Manila"
,6585,"Poblacion, San Miguel"
,6586,BACOOR
,6587,"SAN FRANCISCO, DEL MONTE QUEZON CITY"
,6588,"IMUS, CAVITE"
,6589,Bulakan
,6590,"Sampaloc, Manila"
,6591,STA ANA Manila
,6592,Pasig City
,6593,Pateros
,6594,Taguig
,6595,"Tandang, Sora QC"
,6596,"Sta. Cruz, Manila"
,6597,"Ermita, Manila"
,6598,Imus City
,6599,Navotas
,6600,Caloocan City
,6601,"Binondo, Manila"
,6602,"Binondo, Manila"
,6603,Sta. Mesa
,6604,Sta. Mesa
,6605,Las Piñas City
,6606,Makati
,6607,Novaliches Quezon city
,6608,Rodriguez
,6609,Quezon City
,6610,Manila
,6611,Manila
,6612,Bulacan
,6613,Sta. Maria
,6614,"Novaliches, Quezon City"
,6615,San Juan City
,6616,Mandaluyong
,6617,Silang
,6618,Taguig City
,6619,Baguio City
,6620,Sta. Rosa
,6621,"Pandacan, Manila"
,6622,NCR
,6623,Paranaque
,6624,Parañaque
,6625,Marikina City
,6626,Sta. Cruz
,6627,Batangas city
,6628,Lumban
,6629,Marilao Bulacan
,6630,Cebu City
,6631,San Leonardo
,6632,Navotas City
,6633,Dasmariñas
,6634,Parañaque City
,6635,Manila
,6636,Taytay
,6637,Malabon City
,6638,San Pedro
,6639,Ermita
,6640,"Paco, Manila"
,6641,"Vito Cruz, Malate"
,6642,"Cainta, Rizal"
,6643,Cavinti
,6644,"Meycauayan City, Bulacan"
,6645,"Sta. Ana, Manila"
,6646,Nabua
,6647,Quezon city
,6648,Tondo Manila
,6649,Bukid Manila
,6650,"Bagong Silang, Caloocan city"
,6651,Governor Dasmariñas
,6652,"Santa Ana, Manila"
,6653,Dapitan City
,6654,Las piñas
,6655,"Quiapo, Manila"
,6656,"Sta. Mesa, Manila"
,6657,"Macabebe, Pampanga"
,6658,Sampalo
,6659,San Miguel
,6660,Sta. Ana Manila
,6661,Manila City
,6662,San Antonio
,6663,City of Manila
,6664,City of Imus
,6665,Ganden Ville Subd.
,6666,Meycauayan
,6667,"Balintawak, Quezon City"
,6668,"Masambong, Q.C"
,6669,Plaridel
,6670,"Montalban, Rizal"
,6671,Mandaluyong City
,6672,Marawi City
,6673,Masbate
,6674,"Alabang, Muntinlupa City"
,6675,Padre Garcia
,6676,Famy
,6677,"Kawit, Cavite"
,6678,1B Imus
,6679,"Angeles City, Pampanga"
,6680,Angeles
,6681,"Navotas, Manila"
,6682,Indang
,6683,Sta. Ana
,6684,Malolos
,6685,Pasay City
,6686,Malagasang 1-F
,6687,General Trias
,6688,"La loma, Quezon City"
,6689,Obando
,6690,Sta Maria Bulacan
,6691,Manila
,6692,"Balut, Tondo Manila"
,6693,"Sta. Teresita, Quezon City"
,6694,Baliwag
,6695,"Diliman, Quezon City"
,6696,Tabuk
,6697,"Binangonan, Rizal"
