Transaction
"Milk, Eggs, Bread, Butter, Cheese"
"Yogurt, Milk, Cereal, Bread, Butter"
"Yogurt, Milk, Eggs, Fruits, Bread, Butter, Cheese"
"Eggs, Milk, Bread"
"Butter, Milk, Bread"
"Yogurt, Milk, Eggs, Bread, Butter, Cheese"
"Yogurt, Milk, Juice, Bread, Butter"
"Butter, Milk, Bread"
"Eggs, Milk, Bread"
"Yogurt, Eggs, Bread, Butter, Cheese"
"Eggs, Fruits, Cheese"
"Milk, Fruits, Bread, Butter, Cheese"
"Milk, Bread"
"Milk, Cereal, Fruits, Bread, Butter"
"Butter, Milk, Bread"
"Yogurt, Milk, Eggs, Bread, Butter, Cheese"
"Eggs, Milk, Bread"
"Butter, Coffee, Milk, Bread"
"Butter, Fruits, Milk, Bread"
"Eggs, Milk, Bread, Cheese"
"Butter, Eggs, Bread, Cheese"
"Juice, Eggs, Cereal, Bread, Butter, Cheese"
"Milk, Juice, Cereal, Bread, Butter"
"Butter, Eggs, Fruits, Bread"
"Yogurt, Milk, Eggs, Bread, Butter, Cheese"
"Eggs, Coffee, Cheese, Cereal"
"Juice, Eggs, Milk, Cheese"
"Yogurt, Milk, Cereal, Bread, Butter"
"Butter, Coffee, Milk, Bread"
"Milk, Bread"
"Coffee, Cheese"
"Milk, Eggs, Cereal, Fruits, Bread, Cheese"
"Juice, Eggs"
"Yogurt, Milk, Eggs, Cereal, Bread, Cheese"
"Milk, Coffee, Eggs, Fruits, Bread, Butter, Cheese"
"Eggs, Milk, Bread, Cheese"
"Eggs, Cheese"
"Milk, Cereal, Bread, Butter, Cheese"
"Milk, Bread"
"Milk, Eggs, Cereal, Bread, Cheese"
"Butter, Yogurt, Milk, Bread"
"Butter, Milk, Bread"
"Milk, Eggs, Bread, Butter, Cheese"
"Butter, Milk, Bread, Cheese"
"Yogurt, Eggs, Fruits, Bread, Butter, Cheese"
"Butter, Eggs, Cheese"
"Yogurt, Milk, Eggs, Bread, Butter, Cheese"
"Butter, Eggs, Bread"
"Coffee, Milk, Bread, Cheese"
"Yogurt, Milk, Eggs, Fruits, Bread, Butter, Cheese"
"Butter, Yogurt, Coffee, Bread"
"Yogurt, Milk, Eggs, Bread, Butter, Cheese"
"Yogurt, Milk, Bread, Cereal"
"Milk, Bread, Cereal"
"Coffee, Milk, Eggs, Bread, Cheese"
"Milk, Eggs, Bread, Butter, Cheese"
"Milk, Bread"
"Yogurt, Milk, Eggs, Bread, Butter, Cheese"
"Coffee, Eggs, Fruits, Bread, Butter, Cheese"
"Milk, Bread"
"Butter, Milk, Bread"
"Butter, Eggs, Bread, Cheese"
"Butter, Eggs, Bread, Cheese"
"Butter, Bread, Cheese"
"Milk, Juice, Eggs, Cereal, Bread, Cheese"
"Milk, Coffee, Eggs, Bread, Butter, Cheese"
"Butter, Eggs, Bread, Cheese"
"Milk, Bread"
"Milk, Bread"
"Milk, Eggs, Bread, Butter, Cheese"
"Butter, Eggs, Bread, Cheese"
"Coffee, Milk, Fruits, Bread, Butter"
"Butter, Eggs, Bread, Cheese"
"Butter, Fruits, Bread"
Coffee
"Butter, Juice, Bread"
"Eggs, Milk, Bread, Cheese"
"Yogurt, Milk, Eggs, Bread, Cheese"
"Butter, Bread, Cereal"
"Butter, Bread"
"Milk, Juice, Eggs, Cereal, Bread, Cheese"
"Butter, Juice, Milk, Bread"
"Yogurt, Eggs, Bread, Butter, Cheese"
"Juice, Eggs, Milk, Bread"
"Fruits, Milk, Bread, Cheese"
"Bread, Eggs, Cheese"
"Milk, Bread"
"Milk, Bread"
"Butter, Milk, Bread"
"Milk, Juice, Fruits, Bread, Butter"
"Milk, Coffee, Eggs, Bread, Butter, Cheese"
"Yogurt, Milk, Juice, Bread, Butter"
""
"Eggs, Cereal, Bread, Butter, Cheese"
"Milk, Eggs, Cereal, Bread, Butter, Cheese"
"Butter, Eggs, Bread, Cheese"
"Butter, Milk, Bread"
"Butter, Yogurt, Bread, Cheese"
"Eggs, Milk, Bread, Cheese"
"Bread, Cereal"
"Coffee, Milk, Bread, Cheese"
"Butter, Eggs, Bread, Cheese"
"Butter, Juice, Bread"
"Milk, Juice, Eggs, Bread, Butter, Cheese"
"Milk, Eggs, Bread, Butter, Cheese"
"Milk, Eggs, Cereal, Bread, Butter, Cheese"
"Milk, Eggs, Cereal, Bread, Butter, Cheese"
"Butter, Juice, Fruits, Bread"
"Butter, Milk, Bread, Cereal"
"Butter, Bread"
"Milk, Juice, Eggs, Bread, Butter, Cheese"
"Juice, Milk, Bread"
"Butter, Yogurt, Bread, Cheese"
"Milk, Eggs, Bread, Butter, Cheese"
"Milk, Eggs, Cereal, Bread, Butter, Cheese"
"Eggs, Milk, Bread, Cheese"
"Coffee, Milk, Eggs, Bread, Cheese"
"Milk, Bread"
"Butter, Eggs, Bread, Cheese"
"Milk, Eggs, Bread, Butter, Cheese"
"Yogurt, Milk, Eggs, Fruits, Bread, Butter, Cheese"
"Yogurt, Coffee, Eggs, Bread, Butter, Cheese"
"Yogurt, Coffee, Milk, Eggs, Bread, Cheese"
"Milk, Juice, Eggs, Fruits, Bread, Cheese"
""
"Yogurt, Milk, Juice, Eggs, Bread, Butter, Cheese"
"Butter, Eggs, Cheese"
"Butter, Eggs, Bread, Cheese"
"Eggs, Fruits, Bread, Butter, Cheese"
"Milk, Eggs, Bread, Butter, Cheese"
"Milk, Cereal, Fruits, Bread, Butter"
"Butter, Milk, Bread"
"Milk, Eggs, Fruits, Bread, Butter, Cheese"
"Butter, Eggs, Bread, Cheese"
"Eggs, Milk, Bread, Cheese"
"Eggs, Milk, Bread, Cheese"
"Butter, Fruits, Milk, Bread"
"Butter, Fruits, Milk, Bread"
"Milk, Juice, Eggs, Bread, Butter, Cheese"
"Milk, Coffee, Eggs, Fruits, Bread, Cheese"
"Milk, Eggs, Fruits, Bread, Butter, Cheese"
"Milk, Eggs, Bread, Butter, Cheese"
"Butter, Milk, Bread"
"Juice, Fruits, Milk, Bread"
"Butter, Juice, Eggs, Bread"
"Butter, Milk, Bread, Cheese"
"Eggs, Milk, Bread, Cheese"
"Yogurt, Milk, Juice, Eggs, Bread, Cheese"
"Butter, Juice, Fruits, Bread"
"Milk, Juice, Eggs, Cereal, Bread, Butter, Cheese"
"Butter, Milk, Bread"
"Yogurt, Milk, Eggs, Bread, Butter, Cheese"
"Milk, Eggs, Cereal, Bread, Butter, Cheese"
"Milk, Juice, Eggs, Bread, Butter, Cheese"
"Butter, Juice, Bread"
"Butter, Milk, Bread, Cheese"
"Milk, Cereal, Fruits, Bread, Butter"
"Eggs, Fruits, Bread, Butter, Cheese"
"Butter, Yogurt, Milk, Bread"
"Yogurt, Milk, Bread, Cereal"
"Yogurt, Butter, Milk, Bread"
"Milk, Eggs, Bread, Butter, Cheese"
"Milk, Bread"
"Butter, Bread"
"Milk, Eggs, Bread, Butter, Cheese"
"Butter, Fruits, Bread"
"Coffee, Eggs, Bread, Butter, Cheese"
"Yogurt, Milk, Eggs, Fruits, Bread, Cheese"
"Milk, Eggs, Bread, Butter, Cheese"
"Coffee, Milk, Juice, Eggs, Bread, Cheese"
"Milk, Coffee, Eggs, Fruits, Bread, Cheese"
"Yogurt, Eggs, Bread, Butter, Cheese"
"Eggs, Milk, Bread, Cheese"
"Butter, Milk, Bread, Cereal"
"Milk, Eggs, Bread, Butter, Cheese"
"Milk, Coffee, Eggs, Fruits, Bread, Butter, Cheese"
"Butter, Bread, Cereal"
"Butter, Eggs, Bread"
"Butter, Bread"
"Milk, Eggs, Cereal, Fruits, Bread, Butter, Cheese"
""
"Butter, Milk, Bread"
"Butter, Eggs, Milk, Bread"
""
"Yogurt, Milk, Juice, Bread, Butter"
"Butter, Yogurt, Bread"
"Butter, Bread"
"Milk, Eggs, Cereal, Bread, Butter, Cheese"
"Butter, Juice, Milk, Bread"
"Yogurt, Milk, Eggs, Fruits, Bread, Cheese"
"Milk, Bread"
"Yogurt, Eggs, Fruits, Bread, Butter, Cheese"
"Milk, Bread"
"Milk, Coffee, Eggs, Bread, Butter, Cheese"
"Butter, Milk, Bread"
"Coffee, Milk, Fruits, Bread, Butter"
"Milk, Juice, Eggs, Cereal, Bread, Butter, Cheese"
"Butter, Fruits, Milk, Bread"
"Milk, Juice, Fruits, Bread, Butter"
"Juice, Eggs, Cheese"
"Eggs, Fruits, Cheese"
"Milk, Juice, Eggs, Cereal, Bread, Cheese"
"Milk, Bread"
Juice
"Milk, Juice, Fruits, Bread, Butter"
""
"Milk, Bread, Cheese"
"Milk, Juice, Eggs, Bread, Butter, Cheese"
"Coffee, Eggs, Cereal, Bread, Butter, Cheese"
"Milk, Juice, Eggs, Bread, Butter, Cheese"
"Butter, Eggs, Bread, Cheese"
"Butter, Milk, Bread, Cheese"
"Butter, Bread"
"Milk, Juice, Eggs, Cereal, Bread, Butter, Cheese"
"Eggs, Cheese"
"Eggs, Milk, Bread"
"Milk, Juice, Eggs, Cereal, Bread, Cheese"
"Yogurt, Milk, Eggs, Bread, Butter, Cheese"
"Milk, Juice, Eggs, Bread, Cheese"
"Juice, Milk, Bread"
"Eggs, Fruits"
"Milk, Eggs, Bread, Butter, Cheese"
"Butter, Yogurt, Bread, Cereal"
"Yogurt, Milk, Eggs, Bread, Butter, Cheese"
"Milk, Bread"
"Yogurt, Coffee, Milk, Bread, Butter"
"Butter, Bread"
"Butter, Milk, Bread"
"Butter, Milk, Bread, Cereal"
"Eggs, Milk, Bread, Cheese"
"Milk, Bread"
"Yogurt, Milk, Fruits, Bread, Butter"
"Yogurt, Milk, Eggs, Cereal, Bread, Butter, Cheese"
"Milk, Juice, Eggs, Fruits, Bread, Cheese"
"Milk, Eggs, Cereal, Bread, Cheese"
"Butter, Yogurt, Milk, Bread"
"Butter, Eggs, Bread, Cheese"
"Butter, Milk, Bread"
"Yogurt, Juice, Eggs, Bread, Butter, Cheese"
"Butter, Juice, Bread, Cheese"
"Milk, Eggs, Cereal, Bread, Butter, Cheese"
"Milk, Juice, Eggs, Fruits, Bread, Butter, Cheese"
"Eggs, Cheese"
"Coffee, Milk, Eggs, Bread, Butter, Cheese"
"Butter, Fruits, Milk, Bread"
"Butter, Milk, Bread, Cheese"
"Coffee, Eggs, Bread, Butter, Cheese"
"Milk, Coffee, Eggs, Bread, Butter, Cheese"
"Butter, Bread"
"Butter, Yogurt, Eggs, Bread"
"Eggs, Cheese"
"Yogurt, Milk, Bread"
"Butter, Milk, Bread"
"Milk, Coffee, Eggs, Fruits, Bread, Cheese"
"Milk, Juice, Eggs, Bread, Butter, Cheese"
"Butter, Eggs, Bread, Cheese"
"Eggs, Milk, Bread, Cheese"
"Milk, Eggs, Cereal, Bread, Cheese"
"Yogurt, Milk, Eggs, Bread, Cheese"
"Yogurt, Milk, Juice, Eggs, Bread, Cheese"
"Eggs, Milk, Bread, Cheese"
"Milk, Juice, Eggs, Bread, Butter, Cheese"
"Butter, Milk, Bread"
"Yogurt, Milk, Juice, Eggs, Bread, Butter, Cheese"
"Yogurt, Milk, Eggs, Bread, Cheese"
"Butter, Coffee, Fruits, Bread"
"Milk, Juice, Eggs, Cereal, Bread, Butter, Cheese"
"Milk, Eggs, Cereal, Fruits, Bread, Cheese"
"Milk, Bread"
"Butter, Milk, Bread"
"Butter, Fruits, Milk, Bread"
"Eggs, Cheese"
"Yogurt, Coffee, Milk, Bread, Butter"
"Butter, Eggs, Fruits, Cheese"
"Butter, Fruits, Bread, Cereal"
"Juice, Eggs, Bread, Butter, Cheese"
"Coffee, Milk, Bread"
"Yogurt, Milk, Eggs, Bread, Butter, Cheese"
"Milk, Eggs, Cereal, Fruits, Bread, Cheese"
"Butter, Milk, Bread"
"Milk, Bread, Cheese"
"Milk, Eggs, Bread, Butter, Cheese"
"Milk, Eggs, Cereal, Bread, Butter, Cheese"
"Milk, Eggs, Cereal, Bread, Cheese"
"Milk, Juice, Fruits, Bread, Butter"
"Butter, Juice, Milk, Bread"
""
"Milk, Juice, Eggs, Bread, Butter, Cheese"
"Coffee, Eggs, Milk, Cheese"
"Eggs, Milk, Bread, Cheese"
"Fruits, Coffee, Milk, Bread"
"Milk, Coffee, Eggs, Bread, Butter, Cheese"
"Butter, Bread"
"Milk, Eggs, Bread, Butter, Cheese"
"Yogurt, Milk, Fruits, Bread, Butter"
"Coffee, Milk, Eggs, Bread, Cheese"
"Milk, Bread"
"Milk, Juice, Eggs, Bread, Butter, Cheese"
"Milk, Bread"
"Butter, Milk, Bread, Cheese"
"Milk, Bread, Cheese"
Coffee
"Yogurt, Eggs, Cheese"
"Milk, Bread"
"Butter, Eggs, Bread, Cheese"
"Butter, Bread"
"Butter, Bread, Cereal"
"Milk, Eggs, Bread, Butter, Cheese"
"Yogurt, Milk, Eggs, Bread, Butter, Cheese"
""
"Eggs, Milk, Bread, Cheese"
"Butter, Bread"
"Milk, Eggs, Cereal, Fruits, Bread, Butter, Cheese"
"Milk, Eggs, Bread, Butter, Cheese"
"Milk, Bread"
"Milk, Bread"
"Butter, Eggs, Milk, Bread"
"Butter, Milk, Bread"
"Butter, Milk, Bread"
"Butter, Yogurt, Juice, Bread"
"Coffee, Eggs, Bread, Butter, Cheese"
"Butter, Eggs, Bread, Cheese"
"Coffee, Cereal"
"Butter, Milk, Bread"
Coffee
"Butter, Yogurt, Bread"
"Milk, Eggs, Bread, Butter, Cheese"
"Milk, Juice, Eggs, Cereal, Bread, Butter, Cheese"
"Eggs, Milk, Bread, Cheese"
"Juice, Eggs, Bread, Butter, Cheese"
Cereal
"Yogurt, Coffee, Eggs, Bread, Butter, Cheese"
"Butter, Bread"
"Milk, Juice, Eggs, Fruits, Bread, Butter, Cheese"
"Milk, Juice, Eggs, Bread, Cheese"
"Butter, Juice, Milk, Bread"
"Milk, Eggs, Cereal, Bread, Butter, Cheese"
"Milk, Bread"
"Milk, Bread"
"Butter, Eggs, Milk, Bread"
"Coffee, Eggs, Bread, Butter, Cheese"
"Fruits, Eggs, Milk, Bread"
"Butter, Milk, Bread"
"Yogurt, Coffee, Eggs, Bread, Butter, Cheese"
"Eggs, Fruits, Cheese, Cereal"
"Butter, Eggs, Bread, Cheese"
"Eggs, Milk, Bread, Cheese"
"Milk, Cereal"
"Milk, Eggs, Bread, Butter, Cheese"
Butter
"Milk, Bread"
"Butter, Bread, Cheese"
"Butter, Bread"
"Butter, Milk, Bread, Cereal"
"Butter, Milk, Bread"
"Milk, Eggs, Fruits, Cheese"
""
"Butter, Bread"
"Butter, Eggs, Bread, Cheese"
"Yogurt, Milk, Juice, Eggs, Bread, Cheese"
"Milk, Bread"
"Coffee, Milk, Eggs, Fruits, Bread, Cheese"
"Butter, Fruits, Bread, Cereal"
"Butter, Bread"
"Butter, Eggs, Milk, Bread"
"Milk, Juice, Eggs, Fruits, Bread, Cheese"
"Milk, Juice, Eggs, Cereal, Bread, Butter, Cheese"
"Milk, Eggs, Cereal, Bread, Cheese"
"Milk, Juice, Eggs, Fruits, Bread, Butter, Cheese"
"Yogurt, Coffee, Eggs, Bread, Butter, Cheese"
"Milk, Eggs, Bread, Butter, Cheese"
"Milk, Coffee, Eggs, Cereal, Bread, Butter, Cheese"
"Juice, Cereal"
"Butter, Eggs, Bread"
"Milk, Coffee, Eggs, Bread, Butter, Cheese"
"Milk, Eggs, Fruits, Bread, Butter, Cheese"
"Yogurt, Bread, Eggs, Cheese"
"Milk, Eggs, Cereal, Bread, Butter, Cheese"
"Butter, Milk, Bread"
"Milk, Eggs, Fruits, Bread, Butter, Cheese"
"Milk, Bread"
"Milk, Eggs, Fruits, Bread, Butter, Cheese"
"Bread, Eggs, Cheese, Cereal"
"Butter, Milk, Bread, Cereal"
"Fruits, Milk, Bread"
"Fruits, Milk, Bread"
"Milk, Juice, Eggs, Cereal, Bread, Butter, Cheese"
"Butter, Eggs, Bread"
""
"Coffee, Milk, Cereal, Bread, Butter"
"Eggs, Cereal, Fruits, Bread, Butter, Cheese"
"Butter, Bread"
"Eggs, Milk, Bread, Cheese"
"Milk, Eggs, Bread, Butter, Cheese"
"Yogurt, Fruits, Milk, Bread"
"Milk, Eggs, Cereal, Fruits, Bread, Butter, Cheese"
"Butter, Milk, Bread, Cereal"
"Cheese, Milk, Bread, Cereal"
"Coffee, Milk, Eggs, Bread, Cheese"
"Juice, Bread"
"Milk, Juice, Bread, Butter, Cheese"
"Milk, Juice, Eggs, Bread, Cheese"
"Eggs, Milk, Cheese"
"Milk, Coffee, Eggs, Bread, Butter, Cheese"
"Coffee, Milk, Juice, Bread, Butter"
"Eggs, Milk, Bread, Cheese"
"Butter, Milk, Bread"
"Yogurt, Milk, Coffee, Eggs, Bread, Butter, Cheese"
"Butter, Juice, Eggs, Cheese"
"Milk, Eggs, Bread, Butter, Cheese"
"Milk, Bread"
"Milk, Bread"
"Milk, Bread"
"Yogurt, Coffee, Eggs, Bread, Butter, Cheese"
"Milk, Juice, Eggs, Bread, Butter, Cheese"
"Milk, Bread"
"Butter, Eggs, Bread, Cheese"
"Juice, Yogurt, Milk, Bread"
""
"Fruits, Milk, Bread"
"Eggs, Milk, Bread, Cheese"
"Coffee, Milk, Eggs, Bread, Cheese"
"Yogurt, Milk, Eggs, Fruits, Bread, Butter, Cheese"
"Yogurt, Milk, Eggs, Cereal, Bread, Butter, Cheese"
"Milk, Juice, Bread, Butter, Cheese"
"Eggs, Milk, Bread"
"Milk, Juice, Eggs, Fruits, Bread, Butter, Cheese"
"Milk, Coffee, Eggs, Fruits, Bread, Butter, Cheese"
"Milk, Eggs, Cereal, Bread, Butter"
"Butter, Bread"
"Milk, Eggs, Coffee, Cheese"
"Milk, Eggs, Bread, Butter, Cheese"
"Butter, Yogurt, Bread"
"Milk, Eggs, Bread, Butter, Cheese"
"Eggs, Milk, Bread, Cheese"
"Yogurt, Coffee, Milk, Bread"
"Milk, Bread"
"Butter, Bread"
"Milk, Juice, Eggs, Cereal, Bread, Butter, Cheese"
"Butter, Fruits, Bread"
"Milk, Bread"
"Milk, Coffee, Eggs, Cereal, Bread, Butter, Cheese"
"Butter, Eggs, Bread, Cheese"
"Butter, Fruits, Bread"
"Milk, Eggs, Bread, Butter, Cheese"
"Bread, Eggs, Cheese, Cereal"
"Eggs, Cheese"
"Yogurt, Milk, Coffee, Eggs, Bread, Butter, Cheese"
"Butter, Eggs, Bread, Cheese"
"Juice, Eggs, Cheese"
"Milk, Eggs, Fruits, Cheese"
"Butter, Milk, Bread"
"Coffee, Milk, Fruits, Bread, Butter"
"Milk, Eggs, Cereal, Bread, Butter, Cheese"
"Butter, Eggs, Bread, Cheese"
"Butter, Milk, Bread"
"Butter, Yogurt, Bread"
"Milk, Bread"
"Milk, Eggs, Bread, Butter, Cheese"
"Juice, Yogurt, Eggs, Cheese"
"Milk, Bread"
"Eggs, Milk, Bread, Cheese"
"Eggs, Milk, Bread, Cheese"
"Milk, Eggs, Bread, Butter, Cheese"
Juice
"Milk, Juice, Eggs, Bread, Butter, Cheese"
"Butter, Yogurt, Milk, Bread"
Juice
"Butter, Milk, Bread"
"Butter, Coffee, Fruits, Bread"
"Milk, Eggs, Bread, Butter, Cheese"
"Milk, Bread, Cheese"
"Eggs, Cheese"
"Milk, Juice, Eggs, Bread, Butter, Cheese"
"Butter, Bread"
"Yogurt, Milk, Eggs, Bread, Butter, Cheese"
"Yogurt, Coffee, Milk, Eggs, Bread, Cheese"
"Milk, Eggs, Cereal, Fruits, Bread, Butter, Cheese"
"Butter, Yogurt, Milk, Bread"
"Yogurt, Milk, Bread"
"Eggs, Milk, Bread, Cheese"
"Milk, Eggs, Bread, Butter, Cheese"
"Yogurt, Milk, Eggs, Bread, Butter, Cheese"
"Coffee, Milk, Juice, Bread, Butter"
"Yogurt, Milk, Bread, Cheese"
"Yogurt, Milk, Coffee, Eggs, Bread, Butter, Cheese"
"Coffee, Milk, Bread"
"Butter, Eggs, Coffee, Cheese"
"Milk, Cereal, Fruits, Bread, Butter"
"Eggs, Milk, Bread, Cheese"
"Coffee, Milk, Bread"
"Butter, Fruits, Milk, Bread"
"Butter, Bread"
"Yogurt, Eggs, Fruits, Cheese"
"Milk, Eggs, Cereal, Fruits, Bread, Butter, Cheese"
"Butter, Bread, Cheese"
"Milk, Eggs, Bread, Butter, Cheese"
"Milk, Coffee, Juice, Eggs, Bread, Cheese"
"Milk, Eggs, Fruits, Bread, Butter, Cheese"
"Butter, Eggs, Bread, Cheese"
"Butter, Bread"
"Milk, Eggs, Cereal, Fruits, Bread, Butter, Cheese"
"Milk, Juice, Cereal, Bread, Butter"
"Butter, Eggs, Bread, Cheese"
"Butter, Bread"
"Milk, Eggs, Bread, Butter, Cheese"
"Milk, Eggs, Bread, Butter, Cheese"
"Milk, Eggs, Bread, Butter, Cheese"
"Eggs, Milk, Bread"
"Milk, Juice, Eggs, Bread, Butter, Cheese"
"Butter, Bread, Cereal"
"Juice, Milk, Bread, Cheese"
"Coffee, Milk, Eggs, Bread, Cheese"
"Butter, Eggs, Cheese, Cereal"
"Coffee, Eggs, Bread, Butter, Cheese"
"Coffee, Milk, Fruits, Bread, Butter"
"Butter, Juice, Bread, Cheese"
"Butter, Eggs, Cheese"
"Milk, Eggs, Bread, Butter, Cheese"
"Butter, Eggs, Cheese, Cereal"
"Milk, Eggs, Cereal, Bread, Butter"
"Yogurt, Coffee, Milk, Bread"
"Yogurt, Eggs, Cheese, Cereal"
"Bread, Eggs, Cheese"
"Milk, Coffee, Eggs, Fruits, Bread, Butter, Cheese"
"Milk, Cereal, Fruits, Bread, Butter"
"Milk, Eggs, Cereal, Bread, Cheese"
"Butter, Coffee, Bread, Cheese"
"Milk, Juice, Eggs, Bread, Butter, Cheese"
"Butter, Yogurt, Milk, Bread"
"Milk, Eggs, Bread, Butter, Cheese"
"Eggs, Milk, Bread, Cereal"
"Butter, Coffee, Milk, Bread"
"Juice, Bread, Eggs, Cheese"
"Milk, Eggs, Cereal, Bread, Butter, Cheese"
"Yogurt, Milk, Eggs, Fruits, Bread, Butter, Cheese"
"Butter, Eggs, Bread, Cheese"
"Milk, Juice, Fruits, Bread, Butter"
"Fruits, Milk, Bread"
"Eggs, Milk"
"Milk, Eggs, Bread, Butter, Cheese"
"Juice, Milk, Bread"
"Milk, Coffee, Eggs, Fruits, Bread, Butter, Cheese"
"Milk, Eggs, Fruits, Bread, Butter, Cheese"
"Milk, Eggs, Bread, Butter, Cheese"
"Milk, Eggs, Bread, Butter, Cheese"
"Butter, Coffee, Milk, Bread"
"Butter, Yogurt, Milk, Bread"
"Milk, Eggs, Fruits, Bread, Butter, Cheese"
""
"Butter, Milk, Bread, Cereal"
"Butter, Juice, Bread, Cheese"
"Yogurt, Milk, Bread"
"Butter, Milk, Bread, Cheese"
"Bread, Eggs, Fruits, Cheese"
"Eggs, Cheese"
"Butter, Cereal"
"Milk, Juice, Eggs, Fruits, Bread, Butter, Cheese"
"Coffee, Milk, Bread, Cheese"
Coffee
"Milk, Eggs, Bread, Butter, Cheese"
"Eggs, Fruits, Cheese, Cereal"
"Butter, Milk, Bread"
"Milk, Bread, Cheese"
"Yogurt, Juice, Eggs, Bread, Butter, Cheese"
"Butter, Coffee, Milk, Bread"
"Eggs, Cheese, Cereal"
"Butter, Milk, Bread, Cheese"
"Eggs, Milk, Bread, Cheese"
"Eggs, Milk, Bread, Cheese"
"Butter, Milk, Bread"
Coffee
"Eggs, Cheese, Cereal"
"Milk, Bread"
"Butter, Milk, Bread"
"Milk, Eggs, Bread, Butter, Cheese"
"Yogurt, Milk, Eggs, Cereal, Bread, Butter, Cheese"
"Milk, Coffee, Eggs, Bread, Butter, Cheese"
"Milk, Eggs, Bread, Butter, Cheese"
"Milk, Coffee, Eggs, Bread, Butter, Cheese"
"Yogurt, Milk, Eggs, Fruits, Bread, Cheese"
"Coffee, Milk, Fruits, Bread, Butter"
"Eggs, Cheese"
"Milk, Eggs, Fruits, Bread, Butter"
"Butter, Milk, Bread"
"Milk, Cereal, Fruits, Bread, Butter"
"Milk, Coffee, Juice, Eggs, Bread, Cheese"
"Butter, Fruits, Milk, Bread"
"Butter, Milk, Bread"
"Yogurt, Milk, Juice, Bread, Butter"
"Butter, Coffee, Fruits, Bread"
"Milk, Eggs, Bread, Butter, Cheese"
"Milk, Eggs, Bread, Butter, Cheese"
"Bread, Eggs, Cheese"
"Coffee, Milk, Cereal, Bread, Butter"
"Butter, Milk, Bread"
"Yogurt, Eggs, Fruits, Bread, Butter, Cheese"
"Butter, Milk, Bread"
"Milk, Eggs, Fruits, Bread, Butter, Cheese"
"Yogurt, Coffee, Milk, Bread, Butter"
"Milk, Juice, Eggs, Bread, Butter, Cheese"
"Milk, Bread"
"Butter, Coffee, Milk, Bread"
"Yogurt, Coffee, Eggs, Bread, Butter, Cheese"
"Eggs, Cereal, Bread, Butter, Cheese"
"Butter, Coffee, Milk, Bread"
"Yogurt, Coffee, Milk, Bread, Butter"
"Butter, Bread"
"Milk, Eggs, Bread, Butter, Cheese"
"Milk, Eggs, Cereal, Bread, Butter, Cheese"
"Butter, Juice, Milk, Bread"
"Yogurt, Milk, Eggs, Bread, Butter, Cheese"
"Yogurt, Milk, Eggs, Bread, Butter, Cheese"
Cereal
"Milk, Eggs, Fruits, Bread, Butter, Cheese"
"Butter, Eggs, Cheese"
"Juice, Coffee"
"Yogurt, Milk, Eggs, Bread, Butter, Cheese"
"Butter, Yogurt, Eggs, Bread"
"Eggs, Milk, Bread, Cheese"
"Butter, Eggs, Bread, Cheese"
"Bread, Cereal"
"Butter, Eggs, Bread, Cheese"
"Butter, Milk, Bread"
"Milk, Juice, Eggs, Bread, Cheese"
"Butter, Bread, Cereal"
"Butter, Milk, Bread"
"Butter, Eggs, Bread, Cheese"
"Milk, Coffee, Eggs, Bread, Butter, Cheese"
"Butter, Milk, Bread"
"Yogurt, Coffee, Milk, Bread"
"Butter, Eggs, Bread, Cheese"
"Coffee, Eggs, Bread, Butter, Cheese"
"Butter, Juice, Bread"
"Butter, Milk, Bread"
"Milk, Bread"
"Yogurt, Milk, Cereal, Bread, Butter"
"Eggs, Milk, Bread, Cheese"
"Milk, Bread"
"Eggs, Cheese"
"Butter, Fruits, Bread"
"Milk, Coffee, Eggs, Bread, Butter, Cheese"
"Butter, Eggs, Bread, Cheese"
"Milk, Eggs, Cereal, Bread, Cheese"
"Milk, Eggs, Cereal, Bread, Butter, Cheese"
"Coffee, Milk, Fruits, Bread, Butter"
"Eggs, Fruits, Bread, Butter, Cheese"
"Milk, Juice, Eggs, Fruits, Bread, Butter, Cheese"
"Milk, Eggs, Bread, Butter, Cheese"
"Milk, Eggs, Fruits, Bread, Cheese"
"Milk, Eggs, Bread, Butter, Cheese"
"Yogurt, Milk, Coffee, Eggs, Bread, Cheese"
"Eggs, Milk, Bread, Cheese"
"Milk, Juice, Cereal, Bread, Butter"
"Juice, Milk, Bread, Cereal"
Butter
"Milk, Eggs, Bread, Butter, Cheese"
"Milk, Eggs, Fruits, Bread, Butter, Cheese"
"Butter, Yogurt, Milk, Bread"
"Butter, Milk, Bread"
Fruits
"Milk, Eggs, Bread, Butter, Cheese"
"Butter, Bread, Cereal"
"Fruits, Coffee, Milk, Bread"
"Milk, Juice, Eggs, Bread, Butter, Cheese"
"Butter, Milk, Bread, Cheese"
"Bread, Eggs, Fruits, Cheese"
"Butter, Coffee, Bread"
"Milk, Coffee, Eggs, Bread, Butter, Cheese"
"Fruits, Eggs, Milk, Bread"
"Butter, Juice, Milk, Bread"
"Bread, Eggs, Cheese"
"Eggs, Fruits, Cheese"
"Milk, Coffee, Eggs, Fruits, Bread, Butter, Cheese"
"Eggs, Milk, Bread, Cheese"
"Eggs, Milk, Bread, Cheese"
"Butter, Eggs, Bread, Cheese"
"Yogurt, Eggs, Milk, Bread"
"Butter, Bread"
"Butter, Fruits, Milk, Bread"
"Juice, Milk, Bread, Cereal"
"Butter, Coffee, Milk, Bread"
"Milk, Eggs, Cereal, Fruits, Bread, Butter, Cheese"
"Yogurt, Milk, Eggs, Bread, Butter, Cheese"
"Butter, Eggs, Milk, Bread"
"Butter, Coffee, Bread"
"Milk, Eggs, Bread, Butter, Cheese"
"Milk, Eggs, Fruits, Bread, Butter, Cheese"
"Milk, Bread"
"Coffee, Milk, Eggs, Fruits, Bread, Cheese"
"Milk, Eggs, Fruits, Bread, Butter"
"Yogurt, Milk, Eggs, Bread, Butter, Cheese"
"Juice, Yogurt, Milk, Bread"
"Butter, Bread"
"Eggs, Milk, Cheese"
"Butter, Fruits, Coffee, Bread"
"Butter, Milk, Bread"
"Butter, Milk, Bread, Cereal"
"Butter, Yogurt, Milk, Bread"
"Butter, Milk, Bread"
"Eggs, Cereal, Bread, Butter, Cheese"
"Butter, Eggs, Cheese, Cereal"
"Milk, Eggs, Bread, Butter, Cheese"
"Milk, Juice, Eggs, Bread, Cheese"
"Milk, Juice, Eggs, Bread, Butter, Cheese"
"Milk, Eggs, Cereal, Bread, Cheese"
""
"Milk, Juice, Eggs, Bread, Cheese"
"Juice, Eggs, Cheese"
"Yogurt, Coffee, Eggs, Bread, Butter, Cheese"
"Milk, Coffee, Eggs, Cereal, Bread, Butter, Cheese"
"Butter, Bread"
"Milk, Bread"
"Milk, Eggs, Bread, Butter, Cheese"
"Fruits, Coffee, Milk, Bread"
"Butter, Milk, Bread"
"Butter, Coffee, Bread"
"Butter, Bread"
"Milk, Coffee, Eggs, Fruits, Bread, Butter, Cheese"
"Milk, Eggs, Fruits, Bread, Cheese"
"Milk, Bread"
"Milk, Eggs, Bread, Butter, Cheese"
"Eggs, Milk, Bread, Cereal"
"Eggs, Cheese"
"Coffee, Milk, Bread"
"Milk, Bread, Cereal"
"Milk, Juice, Eggs, Bread, Butter, Cheese"
"Butter, Eggs, Milk, Bread"
"Butter, Fruits, Milk, Bread"
"Milk, Juice, Eggs, Bread, Butter, Cheese"
"Milk, Eggs, Bread, Butter, Cheese"
"Eggs, Milk, Bread"
"Milk, Juice, Eggs, Fruits, Bread, Cheese"
"Coffee, Milk, Juice, Bread, Butter"
"Milk, Coffee, Juice, Eggs, Bread, Butter, Cheese"
"Milk, Eggs, Cereal, Bread, Butter, Cheese"
"Juice, Eggs, Bread, Butter, Cheese"
"Butter, Juice, Milk, Bread"
"Butter, Eggs, Bread"
"Eggs, Milk, Bread, Cheese"
"Juice, Milk, Bread"
"Fruits, Milk, Bread"
"Butter, Milk, Bread"
"Coffee, Milk, Bread, Butter, Cheese"
"Milk, Eggs, Cereal, Bread, Butter, Cheese"
"Eggs, Milk, Bread, Cheese"
"Eggs, Milk, Bread"
"Butter, Milk, Bread"
"Milk, Eggs, Fruits, Bread, Butter, Cheese"
"Butter, Juice, Milk, Bread"
"Butter, Fruits, Milk, Bread"
"Butter, Juice, Bread"
"Milk, Bread"
"Yogurt, Milk, Eggs, Fruits, Bread, Cheese"
"Butter, Milk, Bread"
"Yogurt, Milk, Bread, Cereal"
""
"Milk, Eggs, Bread, Butter, Cheese"
"Yogurt, Milk, Juice, Eggs, Bread, Butter, Cheese"
"Milk, Cereal, Fruits, Bread, Butter"
"Yogurt, Milk, Eggs, Fruits, Bread, Cheese"
"Coffee, Milk, Juice, Eggs, Bread, Cheese"
"Eggs, Cheese, Cereal"
"Milk, Juice, Eggs, Bread, Butter"
"Milk, Eggs, Bread, Butter, Cheese"
"Eggs, Cheese"
"Butter, Juice, Bread"
"Eggs, Milk, Bread, Cheese"
"Milk, Juice, Eggs, Bread, Butter, Cheese"
"Butter, Bread"
"Eggs, Cheese"
"Milk, Eggs, Fruits, Bread, Butter, Cheese"
"Coffee, Milk, Eggs, Bread, Cheese"
"Milk, Eggs, Cereal, Bread, Butter, Cheese"
""
"Milk, Bread"
"Milk, Eggs, Cereal, Bread, Butter, Cheese"
"Milk, Eggs, Bread, Butter, Cheese"
""
"Butter, Yogurt, Milk, Bread"
"Milk, Eggs, Fruits, Bread, Butter, Cheese"
"Butter, Milk, Bread"
"Milk, Eggs, Cereal, Bread, Butter, Cheese"
"Yogurt, Milk, Bread, Cheese"
"Butter, Milk, Bread, Cheese"
"Milk, Juice, Eggs, Bread, Cheese"
"Butter, Milk, Bread, Cheese"
"Butter, Yogurt, Milk, Bread"
"Eggs, Fruits, Bread, Butter, Cheese"
"Yogurt, Milk, Eggs, Fruits, Bread, Butter, Cheese"
"Butter, Eggs"
"Milk, Juice, Eggs, Bread, Cheese"
Butter
"Butter, Bread, Cheese"
"Milk, Juice, Eggs, Bread, Cheese"
"Butter, Eggs, Fruits, Cheese"
"Milk, Eggs, Cereal, Bread, Butter, Cheese"
"Coffee, Milk, Eggs, Bread, Cheese"
"Milk, Bread"
"Butter, Fruits, Milk, Bread"
"Butter, Juice, Coffee, Bread"
"Milk, Bread, Cheese"
"Coffee, Cheese"
"Coffee, Eggs, Cereal, Bread, Butter, Cheese"
"Coffee, Milk, Bread, Butter, Cheese"
"Juice, Milk, Bread"
"Butter, Milk, Bread, Cereal"
"Juice, Cheese"
"Juice, Fruits, Milk, Bread"
"Fruits, Milk, Bread, Cheese"
"Milk, Juice, Eggs, Cereal, Bread, Butter, Cheese"
"Butter, Eggs, Bread, Cheese"
"Butter, Milk, Bread"
"Coffee, Milk, Bread, Cereal"
"Yogurt, Eggs, Coffee, Cheese"
"Butter, Juice, Bread, Cereal"
"Milk, Juice, Fruits, Bread, Butter"
"Milk, Juice, Eggs, Fruits, Bread, Cheese"
"Coffee, Milk, Eggs, Bread, Cheese"
"Butter, Juice"
"Eggs, Cheese"
"Butter, Juice, Milk, Bread"
"Milk, Eggs, Bread, Butter, Cheese"
"Yogurt, Milk, Coffee, Eggs, Bread, Butter, Cheese"
"Milk, Juice, Eggs, Fruits, Bread, Butter, Cheese"
"Milk, Coffee, Juice, Eggs, Bread, Butter, Cheese"
"Butter, Bread"
"Milk, Eggs, Bread, Butter, Cheese"
"Juice, Eggs, Cheese"
"Yogurt, Eggs, Cheese, Butter"
"Coffee, Milk, Cereal, Bread, Butter"
"Eggs, Cheese"
"Milk, Juice, Eggs, Cereal, Bread, Butter, Cheese"
"Butter, Milk, Bread, Cereal"
"Yogurt, Milk, Cereal, Bread, Butter"
"Butter, Milk, Bread"
"Juice, Eggs, Fruits, Bread, Butter, Cheese"
"Milk, Bread"
"Eggs, Milk, Bread, Cheese"
"Juice, Eggs, Milk, Bread"
"Yogurt, Milk, Eggs, Bread, Butter, Cheese"
"Yogurt, Milk, Eggs, Fruits, Bread, Butter, Cheese"
"Butter, Bread"
"Yogurt, Milk, Juice, Eggs, Bread, Butter, Cheese"
"Yogurt, Milk, Eggs, Cereal, Bread, Cheese"
"Milk, Juice, Fruits, Bread, Butter"
"Yogurt, Fruits, Milk, Bread"
"Milk, Eggs, Bread, Butter, Cheese"
"Butter, Milk, Bread"
"Eggs, Milk, Bread"
"Milk, Bread"
"Eggs, Milk, Bread, Cheese"
"Fruits, Milk, Bread, Cheese"
"Milk, Eggs, Bread, Butter, Cheese"
"Butter, Coffee, Milk, Bread"
"Milk, Eggs, Bread, Butter, Cheese"
"Coffee, Eggs, Fruits, Bread, Butter, Cheese"
"Butter, Eggs, Milk, Bread"
"Milk, Fruits, Bread, Butter, Cheese"
"Milk, Juice, Eggs, Cereal, Bread, Cheese"
"Yogurt, Milk, Coffee, Eggs, Bread, Butter, Cheese"
"Milk, Eggs, Bread, Butter, Cheese"
"Butter, Milk, Bread, Cereal"
"Butter, Milk, Bread"
"Butter, Bread"
"Butter, Cereal, Bread, Cheese"
"Coffee, Eggs, Fruits, Bread, Butter, Cheese"
"Milk, Eggs, Fruits, Bread, Butter, Cheese"
"Coffee, Milk, Fruits, Bread, Butter"
"Milk, Eggs, Cereal, Bread, Butter, Cheese"
"Butter, Eggs, Bread, Cheese"
"Butter, Eggs, Bread, Cheese"
"Butter, Eggs, Milk, Bread"
"Yogurt, Milk, Juice, Eggs, Bread, Butter, Cheese"
"Butter, Eggs, Bread, Cheese"
"Butter, Milk, Bread, Cereal"
"Eggs, Milk, Bread"
"Butter, Milk, Bread, Cheese"
"Milk, Bread"
"Butter, Coffee, Milk, Bread"
"Butter, Milk, Bread"
"Milk, Eggs, Bread, Butter, Cheese"
"Milk, Eggs, Bread, Butter, Cheese"
"Milk, Eggs, Bread, Butter, Cheese"
"Butter, Milk, Bread"
"Butter, Eggs, Bread, Cheese"
"Yogurt, Milk, Fruits, Bread, Butter"
""
"Milk, Bread"
"Milk, Coffee, Juice, Eggs, Bread, Butter, Cheese"
"Coffee, Milk, Bread, Cheese"
"Milk, Eggs, Cereal, Fruits, Bread, Butter, Cheese"
"Yogurt, Bread, Eggs, Cheese"
"Coffee, Milk, Eggs, Fruits, Bread, Cheese"
"Milk, Eggs, Fruits, Bread, Butter"
"Milk, Coffee, Eggs, Cereal, Bread, Butter, Cheese"
"Butter, Milk, Bread"
"Butter, Milk, Bread"
"Eggs, Milk, Bread, Cheese"
"Yogurt, Milk, Eggs, Fruits, Bread, Cheese"
"Butter, Milk, Bread"
"Butter, Juice, Milk, Bread"
"Eggs, Fruits, Bread, Butter, Cheese"
"Coffee, Milk, Eggs, Bread, Butter"
"Milk, Eggs, Fruits, Bread, Butter, Cheese"
"Fruits, Coffee, Milk, Bread"
"Milk, Bread"
"Yogurt, Milk, Eggs, Fruits, Bread, Butter, Cheese"
"Eggs, Milk, Bread, Cheese"
"Butter, Bread"
"Milk, Eggs, Bread, Butter, Cheese"
"Eggs, Fruits, Cheese, Cereal"
"Butter, Bread"
"Milk, Juice, Eggs, Fruits, Bread, Butter, Cheese"
"Eggs, Milk, Bread, Cereal"
"Milk, Eggs, Bread, Butter, Cheese"
"Coffee, Eggs, Bread, Butter, Cheese"
"Milk, Eggs, Bread, Butter, Cheese"
"Eggs, Fruits, Bread, Butter, Cheese"
"Juice, Eggs, Cheese"
"Yogurt, Milk, Juice, Bread, Butter"
"Milk, Juice, Bread, Butter, Cheese"
"Eggs, Cheese"
"Milk, Bread"
"Yogurt, Eggs, Cheese"
"Milk, Eggs, Bread, Butter, Cheese"
"Milk, Eggs, Fruits, Bread, Butter, Cheese"
"Yogurt, Milk, Eggs, Bread, Cheese"
"Coffee, Milk, Eggs, Cereal, Bread, Cheese"
"Butter, Milk, Bread"
Juice
"Milk, Eggs, Bread, Butter, Cheese"
"Butter, Milk, Bread"
"Juice, Eggs, Cereal, Bread, Butter, Cheese"
"Fruits, Milk, Bread"
"Milk, Juice, Bread, Butter, Cheese"
"Butter, Milk, Bread"
"Milk, Eggs, Cereal, Bread, Butter, Cheese"
"Milk, Juice, Eggs, Bread, Butter, Cheese"
"Yogurt, Eggs, Cheese, Butter"
"Milk, Eggs, Fruits, Bread, Butter, Cheese"
"Juice, Eggs, Bread, Butter, Cheese"
"Milk, Eggs, Bread, Butter, Cheese"
"Milk, Juice, Eggs, Bread, Cheese"
"Yogurt, Coffee, Milk, Bread, Butter"
Juice
"Eggs, Milk, Bread, Cheese"
"Milk, Cereal, Bread, Butter, Cheese"
"Yogurt, Juice, Eggs, Cheese"
"Milk, Eggs, Cereal, Bread, Butter, Cheese"
"Butter, Bread, Cereal"
"Butter, Yogurt, Milk, Bread"
"Coffee, Milk, Cereal, Bread, Butter"
"Milk, Juice, Eggs, Bread, Cheese"
"Butter, Yogurt, Milk, Bread"
"Butter, Milk, Bread"
Cheese
"Eggs, Milk, Bread, Cheese"
"Milk, Juice, Cereal, Bread, Butter"
"Milk, Eggs, Fruits, Bread, Butter, Cheese"
"Milk, Eggs, Bread, Butter, Cheese"
"Yogurt, Milk, Coffee, Eggs, Bread, Butter, Cheese"
"Milk, Eggs, Fruits, Bread, Butter, Cheese"
"Milk, Bread"
"Milk, Juice, Eggs, Bread, Cheese"
"Eggs, Milk, Bread, Cheese"
"Milk, Juice, Eggs, Bread, Butter, Cheese"
"Butter, Bread, Cheese"
"Fruits, Milk, Bread, Cheese"
"Eggs, Coffee, Cheese, Cereal"
"Milk, Juice, Eggs, Bread, Butter, Cheese"
"Milk, Coffee, Juice, Eggs, Bread, Butter, Cheese"
"Butter, Milk, Bread, Cheese"
"Milk, Eggs, Fruits, Bread, Butter, Cheese"
"Milk, Eggs, Fruits, Bread, Butter, Cheese"
"Milk, Eggs, Bread, Butter, Cheese"
"Milk, Cereal, Bread, Butter, Cheese"
"Juice, Eggs, Cheese, Cereal"
"Milk, Eggs, Bread, Butter, Cheese"
"Milk, Coffee, Eggs, Cereal, Bread, Cheese"
"Butter, Milk, Bread"
"Yogurt, Milk, Eggs, Cereal, Bread, Butter, Cheese"
"Milk, Eggs, Cereal, Bread, Butter, Cheese"
"Yogurt, Milk, Bread"
"Milk, Bread"
"Butter, Milk, Bread"
"Milk, Bread"
"Coffee, Milk, Eggs, Bread, Cheese"
"Butter, Eggs, Bread, Cheese"
"Milk, Juice, Eggs, Bread, Butter, Cheese"
"Juice, Coffee, Milk, Bread"
"Milk, Eggs, Bread, Butter, Cheese"
"Coffee, Juice, Eggs, Bread, Butter, Cheese"
"Eggs, Milk, Bread"
"Butter, Fruits, Milk, Bread"
"Milk, Eggs, Bread, Butter, Cheese"
"Yogurt, Milk, Eggs, Bread, Butter, Cheese"
"Butter, Milk, Bread"
"Milk, Juice, Bread, Butter, Cheese"
"Coffee, Juice, Eggs, Bread, Butter, Cheese"
