Year,Reformatted Dates,Average of Gas Prices per Year,Jan.,Feb.,Mar.,Apr.,May,Jun.,Jul.,Aug.,Sep.,Oct.,Nov.,Dec.,Annual Average CPI per Year,Real Gas Price(inflation Adjusted)
1976,1/1/1976,0.614333333,55.6,55.8,55.9,56.1,56.5,56.8,57.1,57.4,57.6,57.9,58,58.2,56.908,3.475419236
1977,1/1/1977,0.656333333,58.5,59.1,59.5,60,60.3,60.7,61,61.2,61.4,61.6,61.9,62.1,60.608,3.48635098
1978,1/1/1978,0.67025,62.5,62.9,63.4,63.9,64.5,65.2,65.7,66,66.5,67.1,67.4,67.7,65.233,3.307853282
1979,1/1/1979,0.90325,68.3,69.1,69.8,70.6,71.5,72.3,73.1,73.8,74.6,75.2,75.9,76.7,72.575,4.006820734
1980,1/1/1980,1.245166667,77.8,78.9,80.1,81,81.8,82.7,82.7,83.3,84,84.8,85.5,86.3,82.408,4.8644679
1981,1/1/1981,1.37825,87,87.9,88.5,89.1,89.8,90.6,91.6,92.3,93.2,93.4,93.7,94,90.925,4.88004333
1982,1/1/1982,1.2955,94.3,94.6,94.5,94.9,95.8,97,97.5,97.7,97.9,98.2,98,97.6,96.5,4.322043073
1983,1/1/1983,1.241166667,97.8,97.9,97.9,98.6,99.2,99.5,99.9,100.2,100.7,101,101.2,101.3,99.6,4.011896789
1984,1/1/1984,1.21225,101.9,102.4,102.6,103.1,103.4,103.7,104.1,104.5,105,105.3,105.3,105.3,103.883,3.756862523
1985,1/1/1985,1.20175,105.5,106,106.4,106.9,107.3,107.6,107.8,108,108.3,108.7,109,109.3,107.567,3.596792689
1986,1/1/1986,0.927416667,109.6,109.3,108.8,108.6,108.9,109.5,109.5,109.7,110.2,110.3,110.4,110.5,109.608,2.724020107
1987,1/1/1987,0.948416667,111.2,111.6,112.1,112.7,113.1,113.5,113.8,114.4,115,115.3,115.4,115.4,113.625,2.687226464
1988,1/1/1988,0.946166667,115.7,116,116.5,117.1,117.5,118,118.5,119,119.8,120.2,120.3,120.5,118.258,2.575816237
1989,1/1/1989,1.022166667,121.1,121.6,122.3,123.1,123.8,124.1,124.4,124.6,125,125.6,125.9,126.1,123.967,2.654579751
1990,1/1/1990,1.164333333,127.4,128,128.7,128.9,129.2,129.9,130.4,131.6,132.7,133.5,133.8,133.8,130.658,2.868925056
1991,1/1/1991,1.140083333,134.6,134.8,135,135.2,135.6,136,136.2,136.6,137.2,137.4,137.8,137.9,136.192,2.695038967
1992,1/1/1992,1.1265,138.1,138.6,139.3,139.5,139.7,140.2,140.5,140.9,141.3,141.8,142,141.9,140.317,2.584645132
1993,1/1/1993,1.107916667,142.6,143.1,143.6,144,144.2,144.4,144.4,144.8,145.1,145.7,145.8,145.8,144.458,2.469127306
1994,1/1/1994,1.111833333,146.2,146.7,147.2,147.4,147.5,148,148.4,149,149.4,149.5,149.7,149.7,148.225,2.414889248
1995,1/1/1995,1.147166667,150.3,150.9,151.4,151.9,152.2,152.5,152.5,152.9,153.2,153.7,153.6,153.5,152.383,2.423639581
1996,1/1/1996,1.230916667,154.4,154.9,155.7,156.3,156.6,156.7,157,157.3,157.8,158.3,158.6,158.6,156.85,2.526522183
1997,1/1/1997,1.233666667,159.1,159.6,160,160.2,160.1,160.3,160.5,160.8,161.2,161.6,161.5,161.3,160.517,2.474324666
1998,1/1/1998,1.059333333,161.6,161.9,162.2,162.5,162.8,163,163.2,163.4,163.6,164,164,163.9,163.008,2.092193352
1999,1/1/1999,1.165083333,164.3,164.5,165,166.2,166.2,166.2,166.7,167.1,167.9,168.2,168.3,168.3,166.575,2.251781021
2000,1/1/2000,1.51,168.8,169.8,171.2,171.3,171.5,172.4,172.8,172.8,173.7,174,174.1,174,172.2,2.82307741
2001,1/1/2001,1.461,175.1,175.8,176.2,176.9,177.7,178,177.5,177.5,178.3,177.7,177.4,176.7,177.067,2.65639339
2002,1/1/2002,1.3575,177.1,177.8,178.8,179.8,179.8,179.9,180.1,180.7,181,181.3,181.3,180.9,179.875,2.429674065
2003,1/1/2003,1.59075,181.7,183.1,184.2,183.8,183.5,183.7,183.9,184.6,185.2,185,184.5,184.3,183.958,2.783950137
2004,1/1/2004,1.880166667,185.2,186.2,187.4,188,189.1,189.7,189.4,189.5,189.9,190.9,191,190.3,188.883,3.204658063
2005,1/1/2005,2.295333333,190.7,191.8,193.3,194.6,194.4,194.5,195.4,196.4,198.8,199.2,197.6,196.8,195.292,3.783912094
2006,1/1/2006,2.588916667,198.3,198.7,199.8,201.5,202.5,202.9,203.5,203.9,202.9,201.8,201.5,201.8,201.592,4.13451415
2007,1/1/2007,2.800583333,202.416,203.499,205.352,206.686,207.949,208.352,208.299,207.917,208.49,208.936,210.177,210.036,207.342,4.348498559
2008,1/1/2008,3.26625,211.08,211.693,213.528,214.823,216.632,218.815,219.964,219.086,218.783,216.573,212.425,210.228,215.303,4.884041401
2009,1/1/2009,2.350166667,211.143,212.193,212.709,213.24,213.856,215.693,215.351,215.834,215.969,216.177,216.33,215.949,214.537,3.526756257
2010,1/1/2010,2.7875,216.687,216.741,217.631,218.009,218.178,217.965,218.011,218.312,218.439,218.711,218.803,219.179,218.056,4.115539908
2011,1/1/2011,3.526666667,220.223,221.309,223.467,224.906,225.964,225.722,225.922,226.545,226.889,226.421,226.23,225.672,224.939,5.04752313
2012,1/1/2012,3.644083333,226.665,227.663,229.392,230.085,229.815,229.478,229.104,230.379,231.407,231.317,230.221,229.601,229.594,5.109835389
2013,1/1/2013,3.526,230.28,232.166,232.773,232.531,232.945,233.504,233.596,233.877,234.149,233.546,233.069,233.049,232.957,4.872876161
2014,1/1/2014,3.36725,233.916,234.781,236.293,237.072,237.9,238.343,238.25,237.852,238.031,237.433,236.151,234.812,236.736,4.579201319
2015,1/1/2015,2.44775,233.707,234.722,236.119,236.599,237.805,238.638,238.654,238.316,237.945,237.838,237.336,236.525,237.017,3.324807833
2016,1/1/2016,2.14175,236.916,237.111,238.132,239.261,240.229,241.018,240.628,240.849,241.428,241.729,241.353,241.432,240.007,2.872920129
2017,1/1/2017,2.4075,242.839,243.603,243.801,244.524,244.733,244.955,244.786,245.519,246.819,246.663,246.669,246.524,245.12,3.162039369
2018,1/1/2018,2.735333333,247.867,248.991,249.554,250.546,251.588,251.989,252.006,252.146,252.439,252.885,252.038,251.233,251.107,3.5069592
2019,1/1/2019,2.63625,251.712,252.776,254.202,255.548,256.092,256.143,256.571,256.558,256.759,257.346,257.208,256.974,255.657,3.319763787
2020,1/1/2020,2.174416667,257.971,258.678,258.115,256.389,256.394,257.797,259.101,259.918,260.28,260.388,260.229,260.474,258.811,2.704822338
2021,1/1/2021,3.0505,261.582,263.014,264.877,267.054,269.195,271.696,273.003,273.567,274.31,276.589,277.948,278.802,270.97,3.62434228
2022,1/1/2022,4.093666667,281.148,283.716,287.504,289.109,292.296,296.311,296.276,296.171,296.808,298.012,297.711,296.797,292.655,4.503349346
2023,1/1/2023,3.657916667,299.17,300.84,301.836,303.363,304.127,305.109,305.691,307.026,307.789,307.671,307.051,306.746,304.702,3.864898412
2024,1/1/2024,3.44875,308.417,310.326,312.332,313.548,314.069,314.175,314.54,314.796,315.301,315.664,315.493,315.605,313.689,3.539497755
2025,1/1/2025,3.256833333,317.671,319.082,319.799,320.795,321.465,322.561,323.048,323.976,324.8,–,324.122,324.054,321.943,3.256833333
