Date,Units Sold,Price,Sales,MovingAve7,MovingAve30
1/1/2022,14484,5751.57,879026.03,752202.3585714286,753156.0795
1/2/2022,13415,6063.65,836077.35,752202.3585714286,753156.0795
1/3/2022,13681,5679.93,731941.24,752202.3585714286,753156.0795
1/4/2022,14084,5299.3,719558.41,752202.3585714286,753156.0795
1/5/2022,12572,5599.58,712140.43,752202.3585714286,753156.0795
1/6/2022,12563,5701.87,653506.34,752202.3585714286,753156.0795
1/7/2022,11826,5873.71,698870.87,747302.9528571429,753156.0795
1/8/2022,13958,5337.05,767673.15,731395.3985714286,753156.0795
1/9/2022,15896,5863.92,960202.79,749127.6042857143,753156.0795
1/10/2022,13607,5483.67,733750.8,749386.1128571428,753156.0795
1/11/2022,14866,5491.12,819069.36,763601.9628571429,753156.0795
1/12/2022,11622,5836.4800000000005,693162.04,760890.7642857144,753156.0795
1/13/2022,12692,5448.08,620441.17,756167.1685714286,753156.0795
1/14/2022,13156,5682.95,773305.5700000001,766800.6971428572,753156.0795
1/15/2022,13753,5444.55,753389.35,764760.1542857143,753156.0795
1/16/2022,15603,5379.04,863925.49,751006.2542857144,753156.0795
1/17/2022,13139,5555.17,722110.02,749343.2857142857,753156.0795
1/18/2022,14079,5737.7,833931.83,751466.4957142856,753156.0795
1/19/2022,14047,5282.48,749073.52,759453.8499999999,753156.0795
1/20/2022,14594,5712.68,850098.01,792261.97,753156.0795
1/21/2022,12646,5727.89,734530.1699999999,786722.6271428572,753156.0795
1/22/2022,14830,5271.21,773529.51,789599.7928571429,753156.0795
1/23/2022,12650,5086.86,679640.14,763273.3142857142,753156.0795
1/24/2022,11277,5773.52,644613.33,752202.3585714286,753156.0795
1/25/2022,13945,5417.75,738016.22,738500.1285714286,753156.0795
1/26/2022,13680,5534.66,681613.34,728862.9600000001,753156.0795
1/27/2022,13761,5510.26,788600.23,720077.5628571428,753156.0795
1/28/2022,13162,5181.36,645261.16,707324.8471428572,753156.0795
1/29/2022,13169,5275.74,708466.89,698030.1871428571,753156.0795
1/30/2022,13994,5800.97,813612.35,717169.0742857143,752637.9036666666
1/31/2022,13187,5525.53,681227.22,722399.63,746044.6099999999
2/1/2022,13852,5225.07,726055.22,720690.9157142856,742377.2056666667
2/2/2022,14547,5221.46,724488.09,726815.8799999999,742128.7673333333
2/3/2022,12774,5418.38,652415.55,707360.9257142858,739890.672
2/4/2022,12904,5454.77,695237.22,714500.3628571428,739327.2316666667
2/5/2022,15101,5364.08,798126.86,727308.9299999999,744147.9156666666
2/6/2022,13927,5464.21,764345.35,720270.7871428571,746330.3983333333
2/7/2022,13623,5440.83,696920.94,722512.7471,743971.9913333333
2/8/2022,14104,5171.92,736007.38,723934.4842857143,736498.8110000001
2/9/2022,13753,5574.46,753207.52,728037.26,737147.3683333334
2/10/2022,14412,5655.66,851981.74,756546.7157142857,738244.4476666667
2/11/2022,15670,4776.55,767772.96,766908.9642857143,740731.4783333334
2/12/2022,13849,5768.92,793109.99,766192.2685714287,746487.1056666666
2/13/2022,10977,5256.09,581923.69,740132.0314285714,740107.7096666667
2/14/2022,13780,5851.15,820947.8,757850.1542857143,742359.658
2/15/2022,13976,5600.84,757697.28,760948.7114285714,738818.7176666667
2/16/2022,16195,5539.58,893682.11,781016.51,744537.7873333334
2/17/2022,13613,5732.28,795136.16,772895.7128571429,743244.5983333333
2/18/2022,15041,5560.85,874074.94,788081.71,747411.3123333332
2/19/2022,12144,5279.68,627974.81,764490.9700000001,740007.2056666667
2/20/2022,13536,5783.97,787617.09,793875.7414285715,741776.7696666666
2/21/2022,12796,5557.67,727497.63,780525.7171428573,740242.3736666667
2/22/2022,14517,5333.95,797485.68,786209.7742857143,744170.5583333333
2/23/2022,13531,5134.99,669721.8200000001,754215.4471428571,745007.5079999999
2/24/2022,14168,5078.4,732628.47,745285.7771428572,744827.9163333332
2/25/2022,13141,5316.97,694240.5,719595.1428571428,745248.8216666667
2/26/2022,15049,5291.57,761846.36,738719.65,744357.026
2/27/2022,15234,5858.68,893883.26,753900.5314285714,752644.4293333333
2/28/2022,14838,5243.81,808895.38,765528.7814285714,755992.0456666666
3/1/2022,14107,5773.65,883556.24,777824.5757142857,758323.5086666667
3/2/2022,14098,5372.14,741390.12,788062.9042857143,760328.9386666665
3/3/2022,12926,5769.67,727769.72,787368.7971428571,760386.0886666666
3/4/2022,14210,5858.21,836060.44,807628.7885714285,764105.1669999999
3/5/2022,13907,5115.1,740189.74,804534.9857142856,767030.9733333333
3/6/2022,13169,6268.53,805323.41,791883.5785714285,770700.513
3/7/2022,13539,5791.39,769291.24,786225.8442857143,769739.3256666666
3/8/2022,14747,5546.86,824890.9,777845.0814285715,771757.5106666667
3/9/2022,13956,5601.72,782224.21,783678.5228571428,774600.953
3/10/2022,13804,5273.16,711897.56,781411.0714285715,773797.2923333333
3/11/2022,13842,5953.83,865221.34,785576.9142857144,777531.0863333333
3/12/2022,14252,5516.3,797390.22,793748.4114285714,775711.3690000001
3/13/2022,13554,5767.1,774816.8200000001,789390.3271428571,775946.1643333334
3/14/2022,13521,5608.7,809336.24,795111.0414285715,776487.0393333334
3/15/2022,11057,5584.79,612913.4,764828.5414285716,777520.0296666666
3/16/2022,12949,5514.22,710160.97,754533.7928571429,773827.1353333333
3/17/2022,12675,5498.62,718596.19,755490.74,772523.7656666668
3/18/2022,14324,5264.8099999999995,713857.23,733867.2957142858,766529.603
3/19/2022,13990,5446.59,784562.07,732034.7028571429,766177.1333333333
3/20/2022,13274,5983.34,813890.4299999999,737616.6471428572,764170.9830000001
3/21/2022,13913,5968.2,830368.34,740621.2328571428,770917.434
3/22/2022,13212,5296.17,664282.21,747959.6342857144,766806.2713333332
3/23/2022,13356,5413.45,702128.38,746812.1214285714,765960.6296666667
3/24/2022,14667,5464.76,814539.53,760518.3128571429,766529.0913333333
3/25/2022,14740,5573.78,817764.44,775362.2,771463.8453333334
3/26/2022,14666,5942.83,900958.1900000001,791990.2171428573,777074.836
3/27/2022,14754,5602.68,831367.77,794486.9799999999,781645.745
3/28/2022,12416,5146.31,679705.17,772963.6699999999,778907.7053333333
3/29/2022,14141,5380.45,724210.61,781524.87,773251.9503333332
3/30/2022,13330,5166.65,702833.07,781625.54,769716.5399999999
3/31/2022,14977,6252.55,913253.95,795727.5999999999,770706.4636666666
4/1/2022,12876,5474.68,678970.9,775899.9514285715,768625.8230000001
4/2/2022,12522,5639.23,703155.69,747642.4514285715,767805.3553333334
4/3/2022,14408,5248.92,738780.72,734415.7300000001,764562.6980000001
4/4/2022,13798,5754.25,786950.6900000001,749736.5185714286,766121.3963333333
4/5/2022,13273,5364.24,688476.89,744631.7014285715,762226.5123333333
4/6/2022,13519,5315.39,705616.39,745029.3185714285,760104.0173333333
4/7/2022,14573,6029.78,814545.9199999999,730928.1714285715,759759.1846666667
4/8/2022,13682,5673.56,759656.03,742454.6185714286,759006.912
4/9/2022,15406,5030.02,902629.68,770950.9028571428,765364.6493333334
4/10/2022,13276,5148.16,754411.66,773183.8942857143,761670.9933333334
4/11/2022,14487,5329.24,755273.75,768658.6171428572,760267.111
4/12/2022,13970,5690.06,768606.1,780105.6471428571,760060.0869999999
4/13/2022,12520,6093.5,767277.59,788914.39,758658.132
4/14/2022,13203,5367.57,701425,772754.2585714286,761608.5186666666
4/15/2022,13663,5622.03,736032.84,769379.5171428572,762470.9143333334
4/16/2022,13268,6224.87,779725.97,751821.8442857143,764508.5736666668
4/17/2022,15220,5913.72,921165.16,775643.7728571428,771418.8379999999
4/18/2022,14729,5731.18,797179.66,781630.3314285715,771839.4243333333
4/19/2022,14105,5424.56,772104.52,782130.1057142857,770446.5606666667
4/20/2022,13277,5760.54,760394.08,781146.7471,768114.0853333332
4/21/2022,13579,5583.98,718062.52,783523.5357142857,769906.7623333334
4/22/2022,11224,5434.37,621505.23,767162.4485714285,767219.3239999999
4/23/2022,11920,5682.4,676179.87,752370.1485714286,762607.3353333335
4/24/2022,13153,5652.31,794546.01,734281.6985714285,761833.3876666666
4/25/2022,12854,5750.61,729565.25,724622.4971,756120.2896666665
4/26/2022,13918,5234.03,719249.7,717071.8085714286,752383.0206666666
4/27/2022,13007,5069.18,671962.9,704438.7829,752124.9450000001
4/28/2022,15016,6241.34,927234.03,734320.4271,758892.3923333335
4/29/2022,12408,5490.19,682506.77,743034.9328571429,758214.849
4/30/2022,14526,5438.39,777475.29,757505.7071428571,753688.8936666666
5/1/2022,12927,5740.04,755170.23,751880.5957142857,756228.8713333333
5/2/2022,10747,5590.59,568084.27,728811.8842857144,751726.4906666667
5/3/2022,13979,5370.72,706546.39,726997.1257142856,750652.013
5/4/2022,12759,5564.5,724120.4,734448.1971428571,748557.6699999999
5/5/2022,12988,5364.18,741991.33,707984.9542857144,750341.4846666667
5/6/2022,14284,5259.44,805108.44,725499.4785714286,753657.8863333333
5/7/2022,13921,5560.41,785498.79,726645.6928571428,752689.6486666667
5/8/2022,15775,5604.72,892360.25,746244.2671428572,757113.1226666667
5/9/2022,13098,5205.0599999999995,626311.92,754562.5028571428,747902.5306666666
5/10/2022,12924,5757.4800000000005,767533.33,763274.9228571429,748339.9196666667
5/11/2022,13139,5733.49,737383.05,765169.5871,747743.5629999998
5/12/2022,13936,5515.22,776570.3,770109.4400000001,748009.0363333334
5/13/2022,13310,5121.1,654390.97,748578.3728571429,744246.149
5/14/2022,12249,5514.38,720724.85,739324.9528571429,744889.4773333333
5/15/2022,13843,5648.45,787814.93,724389.9071428572,746615.547
5/16/2022,14936,5237.72,797212.09,748804.2171428573,747198.4176666666
5/17/2022,14463,5130.55,783947.16,751149.05,742624.4843333333
5/18/2022,13880,5150.25,803197.7899999999,760551.1557142858,742825.0886666666
5/19/2022,13485,5447.87,727497.37,753540.7371428572,741338.1836666666
5/20/2022,12794,5253.46,616903.99,748185.4542857142,736555.1806666667
5/21/2022,12806,5378,684280.67,742979.1428571428,735429.1190000001
5/22/2022,14561,6075.57,845709.52,751249.7985714285,742902.5953333334
5/23/2022,12565,5483.04,679136.74,734381.8914285714,743001.1576666667
5/24/2022,13486,5664.71,703181.53,722843.9442857142,739955.675
5/25/2022,13825,5653.82,772067.59,718396.7728571428,741372.4196666667
5/26/2022,14950,5870.13,861634.67,737559.2442857145,746118.5853333335
5/27/2022,12853,5193.08,663211.32,744174.5771428571,745826.866
5/28/2022,11983,5570.36,684570.84,744216.03,737738.093
5/29/2022,13109,5463.12,699628.29,723347.2828571427,738308.8103333333
5/30/2022,13524,5448.88,728161.91,730350.8785714285,736665.031
5/31/2022,11700,6142.44,714719.78,731999.2000000001,735316.6826666667
6/1/2022,13203,5974.46,771919.7,731978.0729,742111.197
6/2/2022,14022,5461.53,798131.37,722906.1728571429,745164.0296666666
6/3/2022,14094,5865.09,785673.03,740400.7028571429,747215.784
6/4/2022,12654,5618.46,767950.0599999999,752312.0200000001,748081.075
6/5/2022,14051,5320.38,729474.3,756575.7357142858,745559.937
6/6/2022,12724,5466.63,704740.09,753229.7614285714,742867.9803333334
6/7/2022,13545,5343.57,718049.95,753705.5,737057.637
6/8/2022,13142,5560.64,718931.24,746135.72,740144.9476666667
6/9/2022,12001,5866.85,670836.13,727950.6857142857,736921.7076666666
6/10/2022,14281,5642.56,860765.9500000001,738678.2457142858,741034.4710000001
6/11/2022,13287,5550.63,696960.29,728536.85,738380.804
6/12/2022,11565,5543.71,629763.41,714292.4371428572,737559.8853333333
6/13/2022,13225,5342.55,725307.12,717230.5842857143,737712.6276666668
6/14/2022,14049,5129.02,742132.25,720670.9128571429,736189.8716666667
6/15/2022,15189,5617.89,866961.53,741818.0971428572,738514.853
6/16/2022,14819,5353.39,759413.1900000001,754471.9628571429,737697.054
6/17/2022,14769,5968.12,875482.62,756574.3442857143,740106.5483333335
6/18/2022,13785,5105.35,746073.32,763590.4914285714,740725.7466666667
6/19/2022,13496,5550.21,776075.42,784492.2071,746031.4609999999
6/20/2022,13090,5683.94,674339.46,777211.1128571428,745700.0873333333
6/21/2022,17239,5905.19,1040155.79,819785.9042857143,752181.6296666667
6/22/2022,14847,6087.01,923467.46,827858.1799999999,760325.987
6/23/2022,14476,5750.88,778984.7000000001,830654.11,762852.7593333333
6/24/2022,13452,5716.97,788581.34,818239.6414285713,763403.2176666667
6/25/2022,13331,5500.6,771075.28,821811.35,760384.5713333334
6/26/2022,15611,5036.84,771013.8,821088.2614285714,763977.9873333334
6/27/2022,13510,5598.81,796081.89,838480.0371428572,767695.0223333333
6/28/2022,12630,5812.86,760700.74,798557.8871428573,769730.7706666667
6/29/2022,14068,5371.27,736288.28,771818.0042857144,770001.6496666668
6/30/2022,15354,5681.11,867642.62,784483.4214285715,775099.0776666666
7/1/2022,12557,5716.54,720906.51,774815.5885714286,773398.638
7/2/2022,13013,5719.85,777702.84,775762.3828571428,772717.687
7/3/2022,13402,5844.42,808025.16,781049.72,773462.758
7/4/2022,14660,5556.16,762874.02,776305.7385714286,773293.5566666666
7/5/2022,14482,5011.15,734934.16,772624.7985714285,773475.5519999999
7/6/2022,12980,5460.19,741229.1,773330.63,774691.8523333333
7/7/2022,14222,5717.39,819818.48,766498.6100000001,778084.1366666666
7/8/2022,14143,5479.09,748167.99,770393.1071428572,779058.6950000001
7/9/2022,14015,5756.05,842398.99,779635.4142857144,784777.457
7/10/2022,12088,5440.55,652992.5,757487.8914285714,777851.6753333333
7/11/2022,13903,5455.74,732695.4400000001,753176.6657142857,779042.847
7/12/2022,12875,5839.92,718818.67,750874.4528571429,782011.3556666666
7/13/2022,13298,5824.26,779991.36,756411.9185714285,783834.1636666667
7/14/2022,15512,5429.8,892407.37,766781.7599999999,788843.3343333333
7/15/2022,14348,6090.23,864963.38,783466.8157142858,788776.7293333334
7/16/2022,14326,5148.27,752300.8,770595.6457142858,788539.6496666666
7/17/2022,14041,5325.28,763452.12,786375.5914285715,784805.2996666667
7/18/2022,15188,5659.18,803662.26,796513.7085714285,786724.931
7/19/2022,14126,5498.86,746615.77,800484.7228571428,785742.9426666667
7/20/2022,12973,5778.98,759769.98,797595.9542857142,788590.6266666667
7/21/2022,14877,5238.35,754466.38,777890.0985714287,779067.6463333333
7/22/2022,14543,5802.36,810695.18,770137.4985714286,775308.5703333333
7/23/2022,14264,5350.1,736769.31,767918.7142857143,773901.3906666667
7/24/2022,13370,5732.24,770074.1,768864.7114285714,773284.4826666667
7/25/2022,13601,5334.03,761784.86,762882.2257142857,772974.8019999999
7/26/2022,12758,5483.66,675477.24,752719.5785714287,769790.25
7/27/2022,14115,5512.94,766202.36,753638.49,768794.2656666668
7/28/2022,14004,5365.76,792005.96,759001.2871428571,769837.773
7/29/2022,15396,5369.71,848517.1,764404.4185714286,773578.7336666666
7/30/2022,11361,5175.74,577720.72,741683.1914285714,763914.6703333333
7/31/2022,12187,5506.27,681248.68,728993.8457142857,762592.7426666667
8/1/2022,13256,5511.65,752436.43,727658.3557142857,761750.529
8/2/2022,13992,5434.09,750349.64,738354.4128571429,759828.0116666667
8/3/2022,14193,5685.92,758317.45,737227.9971428572,759676.126
8/4/2022,14277,5002.76,721688.11,727182.59,759234.591
8/5/2022,15069,5290.43,790448.5,718887.0757142856,760875.2376666666
8/6/2022,14395,5763.54,766263.43,745821.7485714286,759090.0693333334
8/7/2022,14214,5515.02,796052.66,762222.3171428572,760686.225
8/8/2022,14337,5246.07,733382.1,759500.2699999999,757052.3286666666
8/9/2022,11533,5828.9,703389.53,752791.6828571429,758732.2296666667
8/10/2022,15694,5546.91,872753.1900000001,769139.6457142857,763400.8213333334
8/11/2022,11839,5554.98,661158.69,760492.5857142858,761478.822
8/12/2022,14182,5703.51,837690.83,767241.4900000001,763402.1376666666
8/13/2022,13768,5335.28,700866.84,757899.12,757017.4533333334
8/14/2022,14012,5768.1,809916.96,759879.7342857142,755182.5726666667
8/15/2022,12641,5088.92,690939.62,753816.5228571428,753137.2
8/16/2022,13853,5542.46,767363.12,762955.6071428572,753267.5666666667
8/17/2022,14864,5200.49,749955.56,745413.0885714286,751477.3433333334
8/18/2022,14113,5373.15,760050.59,759540.5028571428,751925.1706666667
8/19/2022,14038,5407.92,775076.88,750595.6528571427,752435.4006666667
8/20/2022,11792,5708.76,673560.28,746694.7157142857,749738.5306666667
8/21/2022,12188,5421.41,735648.04,736084.87,747236.9593333334
8/22/2022,12354,5540.53,691407.38,736151.6928571428,745724.895
8/23/2022,13010,5969.78,797573.94,740467.5242857143,746641.5563333334
8/24/2022,13268,5617.7,754765.59,741154.6714285715,746407.5806666667
8/25/2022,13922,5725.39,818992.26,749574.91,751191.4146666665
8/26/2022,13622,5277.41,737776.77,744246.3229,750243.8949999999
8/27/2022,15447,5266,791875.9299999999,761148.5585714286,750239.5606666666
8/28/2022,15281,5227.53,831059.59,774778.78,749657.6436666667
8/29/2022,13247,5317.04,730594.4,780376.9257142858,754753.4330000001
8/30/2022,13246,5395.67,689044.04,764872.6542857143,755013.2783333332
8/31/2022,13269,5452.4800000000005,704818.15,757737.3057142857,753426.0023333334
9/1/2022,14052,5680.1,785615.16,752969.1485714286,754601.5196666666
9/2/2022,14848,5550.59,774710.1,758245.3385714284,755147.9413333333
9/3/2022,13067,5632.01,762655.6,754071.0057142858,756513.5243333334
9/4/2022,15495,5881.65,883146.84,761512.0414285715,759603.469
9/5/2022,13594,5656.53,762796.14,766112.2899999999,759487.8926666667
9/6/2022,13419,5627.03,761736.32,776496.9014285713,758344.0146666666
9/7/2022,13612,5169.52,747229.12,782555.6114285715,758805.5819999999
9/8/2022,13967,5062.4,766179,779779.0171428572,760898.5643333333
9/9/2022,13778,5757.61,773513.73,779608.1071,757590.5823333333
9/10/2022,13304,5170.68,633787.85,761198.4285714285,756678.2210000001
9/11/2022,13068,5729.2300000000005,743180.08,741203.1771428572,753527.8626666666
9/12/2022,14366,5746.9,804761.24,747198.1914285714,756991.0093333333
9/13/2022,14690,5704.81,840315.17,758423.7414285714,758004.2829999999
9/14/2022,13361,5506.49,753981.52,759388.37,760105.6796666667
9/15/2022,13901,5359.51,766002.02,759363.0871,760060.3096666667
9/16/2022,12474,5472.7,653710.75,742248.3757142859,756852.1493333332
9/17/2022,13606,5717.33,818253.14,768600.5599999999,758792.2343333332
9/18/2022,13944,5402.53,735788.8200000001,767544.6657142857,757482.6323333333
9/19/2022,14306,5752.26,807264.28,767902.2428571429,761939.4323333333
9/20/2022,12269,5918.68,714816.36,749973.8414285714,761245.043
9/21/2022,11873,5964.32,667872.19,737672.5085714286,760460.5366666667
9/22/2022,12491,5880.6,745004.97,734672.93,758708.2376666666
9/23/2022,14972,5869.86,831525.09,760074.9785714286,761266.8876666666
9/24/2022,13535,5606.83,735241.9,748216.2299999999,758475.209
9/25/2022,13111,5388.2699999999995,699627.6,743050.3414285714,757203.5700000001
9/26/2022,13758,5143.43,739552.74,733377.2642857144,755459.4636666666
9/27/2022,13726,5721.67,768292.82,741016.7585714285,753367.238
9/28/2022,15278,5657.69,860458.71,768529.1185714285,757696.0483333333
9/29/2022,14165,5490.2,756281.43,770140.0414285715,759937.2946666667
9/30/2022,13580,5577.9,790880.96,764333.7371428572,762806.0549999999
10/1/2022,14531,5303.27,800759.39,773693.3785714285,763310.8626666666
10/2/2022,14084,5214.53,720332.34,776651.1985714285,761498.2706666667
10/3/2022,12580,5878.46,796259.1900000001,784752.12,762618.3903333333
10/4/2022,13886,5630.61,788634.58,787658.0857142858,759467.9816666667
10/5/2022,13673,5640.66,766460.55,774229.7771428572,759590.1286666667
10/6/2022,13266,5339.2,665763.11,761298.5885714284,756391.0216666666
10/7/2022,15558,5877.46,875530.3,773391.3514285714,760667.7276666667
10/8/2022,13695,5441.21,744044.35,765289.2028571429,759929.906
10/9/2022,12925,5261.74,710330.09,763860.3099999999,757823.7846666666
10/10/2022,12825,5440.96,706774.12,751076.7285714286,760256.6603333333
10/11/2022,12929,5672.58,743331.21,744604.8185714285,760261.6980000001
10/12/2022,13411,5457.24,697533.4,734758.0828571429,756687.4366666666
10/13/2022,14165,5890.11,856561.36,762014.9757142857,757228.9763333333
10/14/2022,14864,5214.61,793414.42,750284.1357142857,758543.4063333333
10/15/2022,14577,5663.33,834369.26,763187.6942857143,760822.3143333333
10/16/2022,13808,5428.8,732750.35,766390.5885714286,763456.9676666667
10/17/2022,14175,5242.78,759784.92,773963.5599999999,761508.0270000001
10/18/2022,14308,5467.54,839163.7000000001,787653.9157142857,764953.8563333334
10/19/2022,14353,5885.08,824950.46,805856.3528571428,765543.3956666667
10/20/2022,15063,5166.91,803858.8,798327.4157142857,768511.477
10/21/2022,12037,5403.02,656038.09,778702.2257142857,768117.0069999999
10/22/2022,12992,4984.59,673931.64,755782.5657142857,765747.896
10/23/2022,13772,5481.39,773738.08,761637.9557142857,763821.6623333334
10/24/2022,15564,5538.8,801984.63,767666.4857142858,766046.42
10/25/2022,15188,5276.92,818941.75,764777.6357142858,770023.5583333333
10/26/2022,12631,5377.1,697785.91,746611.2714285714,768631.3306666667
10/27/2022,12060,5391.34,656463.88,725554.8542857143,764903.6993333333
10/28/2022,13087,5532.73,685317.42,729737.6157142858,759065.6563333333
10/29/2022,13250,5463.26,732834.4,738152.2957142858,758284.0886666666
10/30/2022,14189,5471.26,762183.02,736501.5728571428,757327.4906666667
10/31/2022,13417,5392.51,739575.44,727585.9742857143,755288.0256666667
11/1/2022,15199,4977.12,722859.36,713859.9185714285,755372.2596666666
11/2/2022,13265,5251.07,720240.39,717067.7014285715,752838.2996666668
11/3/2022,12059,5148.21,621860.77,712124.4,747279.1726666667
11/4/2022,14061,5995.56,834247.47,733400.1214285714,749538.7366666666
11/5/2022,14136,5742.41,835035.04,748000.2128571428,755181.1343333333
11/6/2022,14226,5644.71,819435.16,756179.09,753311.2963333334
11/7/2022,13778,5709.03,815355.3,767004.7842857143,755688.328
11/8/2022,13722,5428.25,708195.44,764909.9385714286,755617.1730000001
11/9/2022,13846,5387.79,721863.63,765141.83,756120.1566666666
11/10/2022,13178,5534.21,769494.01,786232.2928571429,756992.25
11/11/2022,14323,5923.6,876153.49,792218.8671428572,762946.253
11/12/2022,12982,5503.36,705822.3,773759.9042857143,757921.6176666667
11/13/2022,13130,5375.15,711127.81,758287.4257142858,755178.7306666666
11/14/2022,13516,5570.25,769941.2,751799.6971428571,753031.1286666668
11/15/2022,12316,5568.51,634757.02,741308.4942857142,749764.6843333334
11/16/2022,13926,5811.08,787407.91,750671.9628571429,750685.4506666666
11/17/2022,15801,5731.33,948945.41,776307.8771428572,754344.841
11/18/2022,12509,5561.24,669938.87,746848.6457142858,749177.788
11/19/2022,13024,5386.34,736426.43,751220.6642857144,746930.0423333334
11/20/2022,14068,5380.07,719761.96,752454.1142857142,749054.1713333334
11/21/2022,13719,5359.04,767321.47,752079.8671,752167.1656666667
11/22/2022,14333,5242.99,733538.53,766191.5114285714,750827.1806666666
11/23/2022,14548,5615.29,835503.91,773062.3685714286,751944.49
11/24/2022,13193,5861.02,783423.67,749416.4057142857,750760.554
11/25/2022,15015,5684.73,864411.96,777198.2757142857,756314.7556666668
11/26/2022,15512,5643.05,902359.58,800903.0114285714,764511.279
11/27/2022,14221,5585.11,777988.17,809221.0414285715,767600.304
11/28/2022,12557,5653.86,720727.55,802564.7671428572,767196.7423333334
11/29/2022,14540,5530.36,847384.62,818828.4942857142,770036.7956666667
11/30/2022,13832,5403.8,756414.99,807530.0771428571,770598.1140000001
12/1/2022,14128,5726.85,801925.25,810173.16,773233.6436666667
12/2/2022,14348,5331.56,742500.1,792757.1799999999,773975.634
12/3/2022,13456,5230.32,768720.59,773665.8957142857,778870.9613333333
12/4/2022,13180,5046.11,680920.38,759799.0685714287,773760.0583333333
12/5/2022,13504,5443.02,773561.54,767346.7814285716,771710.9416666667
12/6/2022,14849,5419.68,788172.84,758887.9557142857,770668.8643333333
12/7/2022,12984,5371.22,611021.11,738117.4014285713,763857.7246666667
12/8/2022,12773,5544.74,666027.33,718703.4128571429,762452.1209999999
12/9/2022,12751,5170.38,655839.67,706323.3514285714,760251.3223333334
12/10/2022,11195,5403.6,615170.1900000001,684387.5800000001,755107.1950000001
12/11/2022,14781,5905.92,884493.65,713469.4757142857,755385.2003333333
12/12/2022,13443,5640.43,713030.8,704822.2271428572,755625.4836666667
12/13/2022,12536,4899.49,569305.92,673555.5242857143,750898.0873333333
12/14/2022,14644,5687.26,867045.61,710130.4528571429,754134.901
12/15/2022,13732,5567.68,802826.29,729673.1614285714,759737.2100000001
12/16/2022,15179,5866.05,831766.16,754805.5171428572,761215.8183333334
12/17/2022,12060,5494.95,642244.54,758673.2814285714,750992.456
12/18/2022,14081,5606.43,802193.5,746916.1171428572,755400.9436666667
12/19/2022,13291,5359.91,712678.68,746865.8142857143,754609.352
12/20/2022,12688,5340.38,667151.04,760843.6885714285,752855.6546666666
12/21/2022,12392,5712.27,733947.97,741829.7400000001,751743.2046666667
12/22/2022,13712,5757.35,834086.85,746295.5342857143,755094.8153333333
12/23/2022,14191,5489.15,746740.87,734149.0642857143,752136.0473333334
12/24/2022,11018,5288,564512.89,723044.5428571429,744839.0213333333
12/25/2022,12143,5371.48,632023.47,698734.5385714285,737092.7383333333
12/26/2022,14326,5344.13,800979.42,711348.9299999999,733713.3996666668
12/27/2022,12229,5276.58,647517.4299999999,708544.1285714285,729364.375
12/28/2022,12145,5607.49,660268.14,698018.4385714286,727349.0613333334
12/29/2022,14109,5627.9800000000005,799091.73,693019.1357142858,725739.2983333333
12/30/2022,13872,5531.94,778138.49,697504.51,726463.4150000002
12/31/2022,12581,5405.98,699637.63,716808.0442857144,723053.8276666667
1/1/2023,16038,5118.15,844330.14,747137.5685714285,726448.1623333334
1/2/2023,14691,5619.29,824581.36,750509.2742857143,728310.188
1/3/2023,15142,5558.93,849685.74,779390.4614285714,733935.7
1/4/2023,12195,5516.39,658708.26,779167.6214285715,730107.2573333333
1/5/2023,13956,5456.67,741640.98,770960.3714285714,728556.1953333333
1/6/2023,11984,5845.3,704316.69,760414.4,731666.0480000001
1/7/2023,12729,5402.27,722284.54,763649.6728571429,733541.2883333334
1/8/2023,12444,5730.37,669501.25,738674.1171428572,733996.6743333334
1/9/2023,13511,5707.6,765226.34,730194.8285714285,738998.546
1/10/2023,11571,5316.34,605941.55,695374.2300000001,729713.476
1/11/2023,11741,5947.98,690042.44,699850.5414285713,728947.1973333333
1/12/2023,14744,5541.06,834985.31,713185.4457142857,737803.177
1/13/2023,14458,5870.34,811078.81,728437.1771428572,735937.6170000001
1/14/2023,14513,5634.51,775320.98,736013.8114285714,735020.7733333333
1/15/2023,14577,5241.79,750452.92,747578.3357142856,732310.3319999999
1/16/2023,12872,5542.5,694405.09,737461.0142857142,734049.0169999999
1/17/2023,15008,5267.24,756941.23,759032.3971428572,732540.6079999999
1/18/2023,15384,5520.06,785899.29,772726.2328571428,734981.295
1/19/2023,12983,5547.31,706337.76,754348.0114285714,736287.519
1/20/2023,12275,5417.93,710582.14,739991.3442857142,735508.6579999999
1/21/2023,13087,5373.61,667406.68,724575.0157142858,729952.6523333334
1/22/2023,14077,5050.23,702208.87,717683.0085714286,728468.2523333334
1/23/2023,15490,5573.2,836708.14,738012.0157142858,737541.4273333333
1/24/2023,12465,5721.69,749364.16,736929.5771428571,741452.7836666667
1/25/2023,14496,5106.08,732087.24,729242.1414285714,739156.3776666666
1/26/2023,13920,5495.42,715276.19,730519.0599999999,741415.003
1/27/2023,14508,5358.41,751176.58,736318.2657142858,744445.2843333334
1/28/2023,14498,5742.62,806716.98,756219.7371428572,744699.4593333334
1/29/2023,12036,5737.57,705044.87,756624.8799999999,742263.0053333334
1/30/2023,12789,5294.19,744784,743492.86,743767.8843333333
1/31/2023,13226,5814.22,784458.14,748506.2857142857,741772.1510000001
2/1/2023,13080,5671.52,783164.78,755803.0771,740391.5983333333
2/2/2023,13526,5254.51,723553.11,756985.4942857142,736187.1773333333
2/3/2023,12795,5904.67,749894.61,756802.3557142857,739226.7223333333
2/4/2023,13438,5692.17,741838.86,747534.0528571428,739233.3183333334
2/5/2023,13141,5582.75,758525.75,755174.1785714285,741040.287
2/6/2023,13891,5381.77,773292.75,759246.8571428572,742740.5606666667
2/7/2023,13962,5573.89,753844.9299999999,754873.5414285715,745552.0166666667
2/8/2023,14482,5887.13,873889.51,767834.2171,749174.1223333332
2/9/2023,12587,5447.9,676259.65,761078.0085714286,751518.059
2/10/2023,15311,5933.31,903404.37,783007.9742857142,758630.1233333333
2/11/2023,14235,4891.31,716941.88,779451.2628571428,754695.3423333333
2/12/2023,14689,5280.24,767306.23,780705.6171428572,753236.2563333333
2/13/2023,14059,5811.1,818296.66,787134.7471428572,754668.779
2/14/2023,14806,5213.17,757788.13,787698.0614285714,754913.2860000001
2/15/2023,12637,5587.76,677150.85,759592.5385714285,754338.1446666666
2/16/2023,13247,5388.61,721176.94,766009.2942857143,753146.0016666667
2/17/2023,12911,6125.57,793576.16,750319.55,753401.8973333333
2/18/2023,14811,5228.7699999999995,782307.22,759657.4557142857,755934.2126666666
2/19/2023,13814,5920.61,843140.96,770490.9885714286,760352.84
2/20/2023,12608,5569.99,715998.87,755877.0185714286,761972.5796666667
2/21/2023,13535,5707.4,729941.93,751898.99,762897.015
2/22/2023,13718,5675.02,776944.07,766155.1642857144,760904.8793333333
2/23/2023,14849,5844.17,887967.68,789982.4128571429,765524.9966666666
2/24/2023,14827,5268.58,783104.46,788486.4557142856,767225.5706666667
2/25/2023,13006,5260.26,704250.34,777335.4728571428,766858.0423333333
2/26/2023,12839,5130.29,690521.71,755532.7228571428,764836.2133333333
2/27/2023,13488,5242.75,684706.67,751062.4085714285,760769.203
2/28/2023,14876,5823.74,837615.68,766444.3728571429,765188.23
3/1/2023,12420,5385.0199999999995,655224.72,749055.8942857143,762202.9206666666
3/2/2023,14631,5404.22,782140.1799999999,733937.6799999999,762125.6553333332
3/3/2023,12790,5273.69,660367.73,716403.8614285715,758032.4203333333
3/4/2023,15219,5710.9,866274.88,739550.2242857143,762789.8126666668
3/5/2023,13648,5789.77,826587.64,758988.2142857143,765346.2469999999
3/6/2023,12278,5555.98,704571.73,761826.0800000001,764104.0093333332
3/7/2023,14316,6030.95,853834.26,764143.0199999999,767280.9596666667
3/8/2023,10642,5521.38,606447.4,757174.8314285715,761719.448
3/9/2023,14496,5736.8,793216.62,758757.18,763031.8376666666
3/10/2023,14619,5706.6,849085.9299999999,785716.9228571429,762205.0516666666
3/11/2023,11230,5394.44,609758.72,749071.7571428571,759988.3539999999
3/12/2023,14285,5385.43,806066.46,746140.16,756743.757
3/13/2023,13569,5403.91,725530.76,749134.3071428571,757030.053
3/14/2023,12980,5309.62,706305.61,728058.7857142857,754996.6989999999
3/15/2023,12965,5859.97,732873.45,746119.65,752149.2586666666
3/16/2023,13941,5633.72,788024.77,745377.9571,753157.1466666666
3/17/2023,13613,5703.17,720297.18,726979.5642857143,754595.3576666667
3/18/2023,13057,5593.72,724003.11,743300.1914285714,754689.5633333332
3/19/2023,13240,5637.73,763048.27,737154.7357142858,753671.9670000001
3/20/2023,14017,5603.48,768717.42,743324.2585714286,753218.9736666667
3/21/2023,12353,5402.26,616704.24,730524.0628571429,745671.0830000001
3/22/2023,13391,5798.51,801892.94,740383.99,748534.2186666667
3/23/2023,13822,5828.34,775061.48,738532.0914285715,750038.2036666666
3/24/2023,12150,5368.3,710613.88,737148.7628571428,747827.1973333333
3/25/2023,13677,5854.88,778227.12,744895.05,744169.1786666666
3/26/2023,12315,5791.65,758869.58,744298.0942857143,743361.3493333332
3/27/2023,13649,5403.57,766567.9,743991.0199999999,745438.6013333333
3/28/2023,16136,5813.96,922014.04,787606.7057142856,753155.0123333334
3/29/2023,14527,5650.66,797446.75,786971.5357142857,756913.015
3/30/2023,13448,5806.9,763578.72,785331.1414285713,754445.1163333333
3/31/2023,13098,5366.24,720537.97,786748.8685714286,756622.2246666667
4/1/2023,12045,5927.92,716805.71,777974.3814285714,754444.4090000001
4/2/2023,14278,5973.41,873945.49,794413.7971,761563.6676666667
4/3/2023,12131,5502.72,661508.66,779405.3342857143,754738.127
4/4/2023,13316,5194.26,700465.24,747755.5057142858,750534.047
4/5/2023,13005,5850.4800000000005,809219.33,749437.3028571429,754022.3003333334
4/6/2023,12395,5770.11,726631.43,744159.1185714286,749782.206
4/7/2023,14028,5209.2,751947.71,748646.2242857142,754632.2163333334
4/8/2023,13234,5563.1,754668.91,754055.2528571428,753347.2926666667
4/9/2023,15516,5886.74,880354.2,754970.7829,754389.5683333334
4/10/2023,11458,6152.61,712200.93,762212.5357142857,757804.3086666667
4/11/2023,12702,5129.59,628650.89,751953.3428571429,751890.4563333334
4/12/2023,14615,5314.56,797687.72,750305.97,754295.6883333332
4/13/2023,13023,5497.85,747029.88,753220.0342857143,755653.164
4/14/2023,13530,5604.85,788180.4,758396.1329,757496.729
4/15/2023,13815,4895.97,659543.28,744806.7571428571,753214.0126666666
4/16/2023,13815,5576.26,757525.4,727259.7857142857,754454.9533333334
4/17/2023,12247,5003.24,600663.22,711325.8271428571,750343.6236666667
4/18/2023,13273,5779.9,737221.2,726835.8714285714,749482.7213333332
4/19/2023,14092,5786.15,799354.5700000001,727073.9928571429,750503.9596666667
4/20/2023,11011,5621.7,597004.47,705641.7914285715,749847.3006666667
4/21/2023,14258,5811.01,862931.49,716320.5185714286,751881.919
4/22/2023,12371,5489.57,684083.12,719826.21,748849.307
4/23/2023,11809,5118.89,585171.83,695204.2714285714,744667.9053333333
4/24/2023,13814,5449.41,796387.42,723164.8714285714,745273.2486666667
4/25/2023,13621,5529.56,708457.75,719055.8071428572,743592.8543333334
4/26/2023,15338,5359.51,853206.0599999999,726748.8771428572,746480.793
4/27/2023,15156,5326.25,826828.39,759580.8657142856,743307.938
4/28/2023,14260,5226.02,755292.9,744203.9242857144,741902.8096666667
4/29/2023,13133,5766.53,758093.64,754776.8557142857,741719.9736666667
4/30/2023,13788,6135.47,893457.5800000001,798817.6771428572,747483.9606666666
5/1/2023,15093,5764.84,832945.14,804040.2085714285,751355.275
5/2/2023,13225,5209.84,637183.05,793858.1085714286,743463.1936666666
5/3/2023,14257,5696.36,804142.36,786849.0085714285,748217.6503333334
5/4/2023,13025,5384.23,728686.65,772828.76,749158.3640000001
5/5/2023,11740,5296.78,617651.12,753165.6485714286,742772.757
5/6/2023,12267,6027.65,737010.16,750153.7228571429,743118.7146666667
5/7/2023,12650,5535,702357.35,722853.6900000001,741465.7026666666
5/8/2023,13023,5113.19,697456.12,703498.1157142858,739558.6096666666
5/9/2023,13989,5523.09,725361.87,716095.09,734392.1986666668
5/10/2023,14655,5343.39,831040.8099999999,719937.7257142857,738353.528
5/11/2023,15804,5222.94,820070.94,732992.6242857141,744734.1963333334
5/12/2023,13388,5366.7699999999995,717106.24,747200.4985714285,742048.147
5/13/2023,12073,5620.54,685246.6,739805.7042857144,739988.7043333334
5/14/2023,13120,5419.72,638998.64,730754.46,735015.9789999999
5/15/2023,12755,5994.57,819047.98,748124.7257142857,740332.8023333333
5/16/2023,15440,5502,808058.24,759938.4928571427,742017.2303333334
5/17/2023,13387,6092.26,795142.91,754810.2214285714,748499.8866666667
5/18/2023,13971,5029.25,732256.13,742265.2485714285,748334.3843333333
5/19/2023,13536,5521.26,779243.93,751142.0614285715,747664.0296666666
5/20/2023,16232,5465.73,872130.9,777839.8185714285,756834.9106666667
5/21/2023,12276,5528.98,650390.42,779467.2157142857,749750.2083333334
5/22/2023,13970,4960.21,729716.54,766705.5814285714,751271.3223333333
5/23/2023,12179,5151.71,580975.41,734265.1771428572,751131.4416666667
5/24/2023,14172,5479.91,810701.1799999999,736487.7871428571,751608.5669999999
5/25/2023,12861,5639.47,746099.27,738465.3785714286,752863.2843333334
5/26/2023,14115,5607.19,843002.34,747573.7228571428,752523.1603333334
5/27/2023,12627,5417.35,670359.1,718749.1799999999,747307.5173333333
5/28/2023,12517,6031.91,748924.99,732825.5471428571,747095.2536666668
5/29/2023,15022,5564.51,814899.35,744994.5200000001,748988.7773333334
5/30/2023,13244,5330.36,724886.75,765553.2829,743369.7496666666
5/31/2023,12060,5614.2300000000005,700254.68,749775.2114285715,738946.7343333332
6/1/2023,13552,5331.51,639862.42,734598.5185714286,739036.0466666667
6/2/2023,13192,6031.63,810293.12,729925.7728571428,739241.0719999999
6/3/2023,12472,6000.99,767450.66,743795.9957142858,740533.2056666666
6/4/2023,12775,5529.51,707342.83,737855.6871428572,743522.9293333333
6/5/2023,13454,5352.9,730824.4,725844.9799999999,743316.7373333332
6/6/2023,16594,5335.52,862810.84,745548.4214285713,748665.187
6/7/2023,11758,5146.7699999999995,623264.97,734549.8914285714,746192.1486666667
6/8/2023,12978,5690.01,752631.5,750659.76,747101.1363333333
6/9/2023,13939,5357.84,715666.33,737141.6471428572,743255.3203333333
6/10/2023,12448,5194.25,645206.12,719678.1414285714,737426.493
6/11/2023,13113,5731.07,767905.91,728330.0099999999,739119.8153333333
6/12/2023,14161,5878.36,827857.6,742191.8957142858,743873.5153333333
6/13/2023,13505,5881.98,783513.55,730863.7114285714,748690.679
6/14/2023,13358,5540.8099999999995,769613.77,751770.6828571428,747042.872
6/15/2023,14649,5910.36,887270.14,771004.7742857143,749683.2686666666
6/16/2023,13930,5770.83,789782.88,781592.8528571428,749504.601
6/17/2023,11819,5670.04,691416.24,788194.2985714285,748143.2713333333
6/18/2023,12647,5467.49,686290.66,776534.9771428573,745044.829
6/19/2023,14615,5107.24,766067.36,767707.7999999999,741509.3776666666
6/20/2023,13728,5355.34,729608.5599999999,760007.0871428571,744149.9823333333
6/21/2023,13143,4602.3,639337.43,741396.1814285713,741137.3453333334
6/22/2023,13937,5609,790786.12,727612.75,748131.0356666667
6/23/2023,13377,5697.0199999999995,773385.49,725270.2657142858,746887.1793333334
6/24/2023,13221,5643.33,702466.49,726848.8728571428,745432.7533333333
6/25/2023,13413,5409.72,728965.38,732945.2614285714,741631.5213333332
6/26/2023,14653,5497.76,778191.69,734677.3085714286,745225.941
6/27/2023,13736,5560.46,771988.34,740731.5628571428,745994.7193333333
6/28/2023,13757,5105.7,693427.2,748458.6728571429,741945.6476666667
6/29/2023,13253,5224.45,631747.94,725738.9328571428,738841.0206666667
6/30/2023,14464,5970.23,897631.23,743488.3242857142,745420.2390000001
7/1/2023,14329,5885.81,888473.49,770060.7529,753707.2746666666
7/2/2023,12607,5654.93,737187.92,771235.4014285716,751270.4346666667
7/3/2023,15106,5727.67,861947.28,783200.4857142858,754420.322
7/4/2023,13648,5607.61,744549.31,779280.6242857144,755660.5380000001
7/5/2023,13624,5419.71,748159.67,787099.5485714285,756238.3803333334
7/6/2023,13442,5457.48,801479.43,811346.9042857143,754194
7/7/2023,12817,4860.99,560529.91,763189.5728571428,752102.8313333333
7/8/2023,13765,4762.08,654268.72,729731.7485714286,748824.072
7/9/2023,14662,5234.57,756222.73,732451.0071428571,750175.952
7/10/2023,12996,5465.56,727998.05,713315.4028571427,752935.683
7/11/2023,15189,5224.95,811181.98,722834.3557142857,754378.2186666667
7/12/2023,15531,5285.07,787678.89,728479.9585714285,753038.9283333333
7/13/2023,14521,5172.4,733904.86,718826.4485714285,751385.3053333333
7/14/2023,14787,5457.36,828499.62,757107.8357142858,753348.167
7/15/2023,13147,5474.49,669427.43,759273.3657142856,746086.7433333334
7/16/2023,15061,5491.04,814261.09,767564.5599999999,746902.6836666667
7/17/2023,13877,5625.55,770406.77,773622.9485714287,749535.7013333333
7/18/2023,14802,5451.51,804943.3200000001,772731.7114285715,753490.7899999999
7/19/2023,14151,5309.9,721835.31,763325.4857142858,752016.3883333333
7/20/2023,13930,5465.3,747235.9400000001,765229.9257142858,752603.9676666667
7/21/2023,12434,5659.62,723661.17,750253.0042857144,755414.7590000001
7/22/2023,15347,5258.91,813287.8,770804.4857142858,756164.8150000001
7/23/2023,14498,5052.07,736305.26,759667.9385714286,754928.8073333333
7/24/2023,13659,5905.89,760742.01,758287.2585714286,756871.3246666667
7/25/2023,13955,5309.25,735791.46,748408.4214285713,757098.8606666666
7/26/2023,14153,5559.65,789584.01,758086.8071428572,757478.6046666667
7/27/2023,11611,5237.3,582236.76,734515.4957142856,751153.552
7/28/2023,14848,5928.61,928651.2,763799.7857142857,758994.3520000001
7/29/2023,15697,5382.64,820445.77,764822.3528571428,765284.2796666666
7/30/2023,14837,5381.63,793520.87,772996.0114285714,761813.9343333334
7/31/2023,14888,5295.64,832923.32,783307.6271428572,759962.262
8/1/2023,13897,5226.17,752002.65,785623.5114285713,760456.0863333333
8/2/2023,14554,5994.64,845102.32,793554.6985714285,759894.5876666667
8/3/2023,13589,5686.91,792489.8099999999,823590.8485714284,761492.6043333333
8/4/2023,14784,5575.88,866459.24,814706.2828571427,765435.9233333335
8/5/2023,12603,5280.16,715438.1,799705.1871428572,762567.8790000001
8/6/2023,14370,5441.14,750801.71,793602.4500000001,768910.2723333334
8/7/2023,14178,5187.97,726185.14,778354.1385714285,771307.4863333333
8/8/2023,13666,5573.97,763339.37,779973.67,771544.7076666666
8/9/2023,13956,5388.71,795662.8,772910.8814285714,773800.1993333333
8/10/2023,13028,5373.78,682004.19,757127.2214285715,769494.273
8/11/2023,12414,5748.79,757450.74,741554.5785714285,768486.668
8/12/2023,12124,5363.25,653690.13,732733.4399999998,765812.8436666668
8/13/2023,13944,5351.93,761548.68,734268.7214285714,763581.1456666667
8/14/2023,16190,5615.5199999999995,927480.55,763025.2085714285,772182.9163333334
8/15/2023,11593,5013.66,570487.88,735474.9957142856,764057.1426666667
8/16/2023,12494,5394.4800000000005,700444.46,721872.3757142856,761725.0656666667
8/17/2023,12826,5654.51,714094.54,726456.7114285714,758696.773
8/18/2023,14330,5097.66,711809.78,719936.5742857143,758362.5886666666
8/19/2023,13443,5444.49,735548.47,731630.6228571429,757973.0063333333
8/20/2023,13571,5293,737580.62,728206.6142857142,758436.988
8/21/2023,11752,5362.23,623973.38,684848.4471428571,752126.5073333334
8/22/2023,12266,5454.46,651355.54,696400.97,749294.85
8/23/2023,15476,5194.85,776846.51,707315.5485714285,749831.6666666666
8/24/2023,14312,5191.45,809357.33,720924.5185714286,752283.8623333334
8/25/2023,12582,5582.04,729993.73,723522.2257142857,750297.5196666666
8/26/2023,12686,5245.43,699240.45,718335.3657142858,754197.6426666665
8/27/2023,14612,5187.81,781494.61,724608.7928571429,749292.423
8/28/2023,12869,5648.15,701935.34,735746.2157142857,745342.0753333332
8/29/2023,12386,5340.25,690666.61,741362.0828571429,741913.5999999999
8/30/2023,13614,5051.39,721664.54,733478.9442857143,738204.974
8/31/2023,12392,5583.87,711645.01,719520.0414285715,736859.7193333333
9/1/2023,12972,5156.71,662071.29,709816.8357142856,730758.685
9/2/2023,14008,5606.04,766905.7,719483.3,729905.8813333333
9/3/2023,14148,5683.66,774997.33,718555.1171428572,726857.151
9/4/2023,11750,5259.46,605306.95,704751.0614285714,723186.1126666666
9/5/2023,13368,5343.45,724582.8200000001,709596.2342857142,722312.1496666666
9/6/2023,14666,5562.5,808937.62,722063.8171428571,725070.5656666666
9/7/2023,14129,5377.22,741189.42,726284.4471428571,724332.234
9/8/2023,12614,5311.1,673244.04,727880.5542857143,720251.6086666667
9/9/2023,14076,5618.52,788761.89,731002.8671428572,723810.1986666668
9/10/2023,13912,5178.44,685835.26,718265.4285714285,721423.0160000001
9/11/2023,13698,5827.6,848630.0599999999,753025.8728571429,727921.0136666667
9/12/2023,14469,5632.45,803712.1,764330.0557142858,729326.4609999999
9/13/2023,14447,5415.41,761719.83,757584.6571428571,723801.1036666668
9/14/2023,13573,5235.51,651280.9,744740.5828571429,726494.2043333333
9/15/2023,13267,5889.02,806680.11,763802.8785714286,730035.3926666665
9/16/2023,14833,5380.5,818950.21,768115.4957142856,733530.5816666667
9/17/2023,12137,5775.08,689684.79,768665.4285714285,732793.082
9/18/2023,12376,5324.13,635598.9400000001,738232.4114285714,729461.431
9/19/2023,13852,5480.25,748479.67,730342.0642857142,729824.7326666667
9/20/2023,12567,5766.67,738840.39,727073.5728571428,733653.6329999999
9/21/2023,13667,4991.7,631288.26,724217.4814285714,732984.7236666667
9/22/2023,12445,5432.61,718773.45,711659.3871428572,731048.955
9/23/2023,13000,5748.54,707721.77,695769.61,727661.103
9/24/2023,15084,5340.09,815529.85,713747.4757142857,730512.307
9/25/2023,12328,5429.63,646277.46,715272.9785714287,728746.874
9/26/2023,14408,5465.5,797039.98,722210.1657142856,729265.053
9/27/2023,12137,5713.62,694901.41,715933.1685714285,729030.5886666666
9/28/2023,11474,5696.2300000000005,643868.79,717730.3871428572,727470.6613333335
9/29/2023,15660,5556.2,852128.13,736781.0557142857,731819.4476666667
9/30/2023,14296,6062.78,828885.54,754090.1657142857,735727.4653333334
10/1/2023,14212,5834.65,818314.72,754488.0042857142,740935.5796666666
10/2/2023,12577,5489.16,704297.91,762776.6399999999,738848.6533333332
10/3/2023,13278,5166.48,667397.91,744256.3442857143,735262.0059999999
10/4/2023,14580,5546.03,803285.85,759739.8357142858,741861.3026666667
10/5/2023,13340,5307.35,651685.13,760856.4557142857,739431.3796666667
10/6/2023,13890,5140.62,693554.77,738203.1185714286,735585.2846666666
10/7/2023,13104,5336.81,706030.62,720652.4157142857,734413.3246666666
10/8/2023,12100,4868.05,562514.89,684109.5828571429,730722.353
10/9/2023,12290,5427.97,650845.1,676473.4671,726125.1266666666
10/10/2023,13245,5708.01,768933.45,690978.5442857143,728895.0663333334
10/11/2023,13262,5472.71,732150.09,680816.2928571429,725012.4006666667
10/12/2023,14019,5411.5,842557.77,708083.8128571429,726307.2563333333
10/13/2023,13153,5390.14,702362.37,709342.0414285715,724328.6743333334
10/14/2023,13854,6075.65,826194.12,726508.2557142855,730159.115
10/15/2023,13414,5234.49,758422.31,754495.03,728550.5216666667
10/16/2023,12758,5403.64,629557.91,751454.0029,722237.4450000001
10/17/2023,15804,5714.7300000000005,918930.8099999999,772882.1971428571,729878.979
10/18/2023,13066,5575.35,724506.51,771790.2571428573,732842.5646666666
10/19/2023,14936,5674.58,843490.6,771923.5185714286,736009.5956666667
10/20/2023,16770,5875.89,978154.64,811322.4142857142,743986.7373333334
10/21/2023,14950,5420.25,797707.5700000001,807252.9071428571,749534.0476666667
10/22/2023,13870,5434.61,761013.41,807623.0642857143,750942.0463333334
10/23/2023,13758,6051.24,767640.48,827349.1457142857,752939.3366666667
10/24/2023,13493,5350.3,749524.0800000001,803148.1842857143,750739.1443333332
10/25/2023,14234,5336.71,718259.16,802255.7057142856,753138.5343333334
10/26/2023,13560,5381.7,769047.3,791620.9485714287,752205.4450000001
10/27/2023,12542,5237.58,678740.97,748847.5671428572,751666.7636666667
10/28/2023,14890,5322.89,814569.56,751256.4228571429,757356.7893333334
10/29/2023,14165,4868.23,707567.48,743621.29,752538.101
10/30/2023,13752,5980.3,799570.36,748182.7014285715,751560.9283333333
10/31/2023,12780,5193.84,664022.22,735968.1500000001,746417.8450000001
11/1/2023,13679,5105.62,699936.49,733350.6257142856,746272.4643333333
11/2/2023,13884,5060.11,677626.15,720290.4614285715,746613.4056666667
11/3/2023,12977,5439.82,751149.13,730634.4842857142,744875.515
11/4/2023,14549,5238.72,764391.72,723466.2214285714,748632.4013333333
11/5/2023,14400,5394.73,808435.79,737875.9799999999,752461.7686666667
11/6/2023,13323,5771.35,781704.85,735323.7642857144,754984.243
11/7/2023,13015,5428.52,680491.06,737676.4557142856,758916.782
11/8/2023,12883,5219.76,658292.45,731727.3071428572,759165.0270000001
11/9/2023,12806,5683.99,789836.79,747757.3985714286,759861.8049999999
11/10/2023,14567,5269.8,742131.4,746469.1514285716,760194.5153333334
11/11/2023,14633,5656.92,897150.26,765434.6571428572,762014.265
11/12/2023,13585,5211.87,742357.31,755994.8742857144,763347.4296666665
11/13/2023,13590,5028.46,675639.4,740842.6671428571,758328.939
11/14/2023,13684,5689.56,816610.95,760288.3657142858,760268.5603333333
11/15/2023,14084,5756.27,822670.37,783770.9257142858,766705.6423333333
11/16/2023,13784,5383.97,714452.06,773001.6785714285,759889.684
11/17/2023,12641,5236.17,623108.83,755998.4542857142,756509.7613333333
11/18/2023,14554,5573.53,897749.59,756084.0728571428,758318.3943333334
11/19/2023,12949,5595.82,719418.91,752807.1585714286,749693.87
11/20/2023,14683,5473.58,824779.71,774112.9171428571,750596.2746666666
11/21/2023,13383,5669.55,787858.94,770005.4871428572,751491.1256666667
11/22/2023,14412,5789.35,861417.77,775540.83,754617.0353333333
11/23/2023,13961,5553.43,781891.46,785175.03,755695.9480000001
11/24/2023,13044,5648.59,733189.11,800900.7842857143,756193.613
11/25/2023,14836,5736.45,853788.83,794620.6757142858,759018.3306666667
11/26/2023,14558,5624.4,815172.78,808299.7999999999,763566.0576666667
11/27/2023,13722,5225.35,718168.37,793069.6085714286,760352.6846666667
11/28/2023,14710,5633,842983,800944.4742857143,764866.5353333333
11/29/2023,14595,5642.59,817147.81,794620.1942857143,765452.4503333332
11/30/2023,14635,5083.37,759940.47,791484.3385714286,768649.7253333334
12/1/2023,11898,5664.81,680871.83,784010.4414285714,768014.2366666667
12/2/2023,13200,5414.49,719193.97,764782.6042857142,769399.8306666666
12/3/2023,13116,5659.04,729056.29,752480.2485714286,768663.4026666668
12/4/2023,15286,5591.98,847116.17,770901.3628571428,771420.8843333333
12/5/2023,13829,5287.05,740685.6799999999,756287.46,769162.5473333333
12/6/2023,14194,5161.19,722579.3099999999,742777.6742857143,767191.6960000001
12/7/2023,11947,5730.99,656153.2,727950.9214285713,766380.434
12/8/2023,13462,5615.26,733722.38,735501,768894.765
12/9/2023,11947,5424.05,597498.33,718115.9085714285,762483.4830000001
12/10/2023,12569,5738.66,719587.68,716763.25,761732.0256666667
12/11/2023,11972,5658.56,695974.58,695171.5942857143,755026.1696666667
12/12/2023,14068,5645.52,782769.09,701183.5099999999,756373.229
12/13/2023,14736,5142.2,751946.41,705378.8099999999,758916.796
12/14/2023,15429,5372.69,866098.5599999999,735371.0042857144,760566.3829999999
12/15/2023,14060,5760.05,808252.14,746018.1128571428,760085.7753333333
12/16/2023,13471,5334.07,722788.4,763916.6942857143,760363.6533333334
12/17/2023,14633,5066.25,720571.4400000001,764057.2314285714,763612.4069999999
12/18/2023,13331,4853.83,656144.97,758367.2871428571,755558.9196666667
12/19/2023,11756,5327.25,632056.09,736836.8585714287,752646.8256666666
12/20/2023,14965,5425.48,762962.56,738410.5942857143,750586.2540000001
12/21/2023,12292,5351.15,666938.41,709959.1442857143,746555.5696666667
12/22/2023,14136,5386.59,777375.3,705548.1671428571,743754.154
12/23/2023,13335,5675.33,706496.0599999999,703220.6900000001,741240.9739999999
12/24/2023,13433,5273.57,721349.17,703331.7942857144,740846.3093333334
12/25/2023,12723,5524.96,711487.02,711237.8014285713,736102.9156666667
12/26/2023,15858,5718.93,903385.86,749999.1971428571,739043.3516666667
12/27/2023,13023,5511.42,742062.84,747013.5228571428,739839.834
12/28/2023,16271,5830.97,970320.86,790353.8728571429,744084.4293333333
12/29/2023,13368,5623.86,731055.43,783736.7485714286,741214.6833333333
12/30/2023,13156,6072.18,824077.83,800534.1442857143,743352.5953333334
12/31/2023,11208,5925.18,649300.54,790241.4828571428,742300.219
1/1/2024,13244,5327.61,688124.36,786903.9600000001,741264.5653333333
